"Message",Low,"Starting .NET Native compilation"
"Message",Low,""
"Message",Low,""
"Message",Low,"Task ""Gatekeeper"""
"Message",Normal,"Launching 'C:\Users\pliam\.nuget\packages\runtime.win10-arm64.microsoft.net.native.compiler\2.2.8-rel-28605-00\tools\ARM64\ilc\ilc.exe --gatekeeper @""C:\Users\pliam\OneDrive\Desktop\FLL 2019 ROVER\RoverSensorsWindows\RoverSensors\RoverSensors\obj\ARM64\Release\ilc\intermediate\gkargs.rsp""'"
"Message",Low,"Microsoft (R) .NET Native Gatekeeper Version 2.2.28605.00 "
"Message",Low,"Copyright (C) Microsoft Corporation.  All rights reserved. "
"Message",Low," "
"Message",Low,"ILCTelemetry: System.ArgumentException: Could not deserialize to TelemetrySession object"
"Message",Low,"Parameter name: serializedSession ---> System.Runtime.Serialization.SerializationException: There was an error deserializing the object of type Microsoft.VisualStudio.Telemetry.TelemetrySessionSettings. The token '""' was expected but found 'I'. ---> System.Xml.XmlException: The token '""' was expected but found 'I'."
"Message",Low,"   at System.Xml.XmlExceptionHelper.ThrowXmlException(XmlDictionaryReader reader, String res, String arg1, String arg2, String arg3)"
"Message",Low,"   at System.Xml.XmlExceptionHelper.ThrowTokenExpected(XmlDictionaryReader reader, String expected, Char found)"
"Message",Low,"   at System.Runtime.Serialization.Json.XmlJsonReader.ReadServerTypeAttribute(Boolean consumedObjectChar)"
"Message",Low,"   at System.Runtime.Serialization.Json.XmlJsonReader.ReadAttributes()"
"Message",Low,"   at System.Runtime.Serialization.Json.XmlJsonReader.ReadNonExistentElementName(StringHandleConstStringType elementName)"
"Message",Low,"   at System.Runtime.Serialization.Json.XmlJsonReader.Read()"
"Message",Low,"   at System.Xml.XmlBaseReader.IsStartElement()"
"Message",Low,"   at System.Xml.XmlBaseReader.IsStartElement(XmlDictionaryString localName, XmlDictionaryString namespaceUri)"
"Message",Low,"   at System.Runtime.Serialization.XmlReaderDelegator.IsStartElement(XmlDictionaryString localname, XmlDictionaryString ns)"
"Message",Low,"   at System.Runtime.Serialization.XmlObjectSerializer.IsRootElement(XmlReaderDelegator reader, DataContract contract, XmlDictionaryString name, XmlDictionaryString ns)"
"Message",Low,"   at System.Runtime.Serialization.Json.DataContractJsonSerializer.InternalIsStartObject(XmlReaderDelegator reader)"
"Message",Low,"   at System.Runtime.Serialization.Json.DataContractJsonSerializer.InternalReadObject(XmlReaderDelegator xmlReader, Boolean verifyObjectName)"
"Message",Low,"   at System.Runtime.Serialization.XmlObjectSerializer.InternalReadObject(XmlReaderDelegator reader, Boolean verifyObjectName, DataContractResolver dataContractResolver)"
"Message",Low,"   at System.Runtime.Serialization.XmlObjectSerializer.ReadObjectHandleExceptions(XmlReaderDelegator reader, Boolean verifyObjectName, DataContractResolver dataContractResolver)"
"Message",Low,"   --- End of inner exception stack trace ---"
"Message",Low,"   at System.Runtime.Serialization.XmlObjectSerializer.ReadObjectHandleExceptions(XmlReaderDelegator reader, Boolean verifyObjectName, DataContractResolver dataContractResolver)"
"Message",Low,"   at System.Runtime.Serialization.Json.DataContractJsonSerializer.ReadObject(XmlDictionaryReader reader)"
"Message",Low,"   at System.Runtime.Serialization.Json.DataContractJsonSerializer.ReadObject(Stream stream)"
"Message",Low,"   at Microsoft.VisualStudio.Telemetry.TelemetrySessionSettings.Deserialize(String settings)"
"Message",Low,"   at Microsoft.VisualStudio.Telemetry.TelemetrySessionSettings.Parse(String serializedSession)"
"Message",Low,"   --- End of inner exception stack trace ---"
"Message",Low,"   at Microsoft.VisualStudio.Telemetry.TelemetrySessionSettings.Parse(String serializedSession)"
"Message",Low,"   at ILCTelemetry.Program.ReadEvents()"
"Message",Low,"   at ILCTelemetry.Program.Main(String[] args)"
"Message",Low,"Checking assembly 'C:\Users\pliam\OneDrive\Desktop\FLL 2019 ROVER\RoverSensorsWindows\RoverSensors\RoverSensors\obj\ARM64\Release\ilc\in\ColorCode.Core.dll'. "
"Message",Low,"Checking assembly 'C:\Users\pliam\OneDrive\Desktop\FLL 2019 ROVER\RoverSensorsWindows\RoverSensors\RoverSensors\obj\ARM64\Release\ilc\in\ColorCode.UWP.dll'. "
"Message",Low,"Checking assembly 'C:\Users\pliam\OneDrive\Desktop\FLL 2019 ROVER\RoverSensorsWindows\RoverSensors\RoverSensors\obj\ARM64\Release\ilc\in\GoedWare.Controls.About.dll'. "
"Message",Low,"Checking assembly 'C:\Users\pliam\OneDrive\Desktop\FLL 2019 ROVER\RoverSensorsWindows\RoverSensors\RoverSensors\obj\ARM64\Release\ilc\in\Microsoft.Graphics.Canvas.winmd'. "
"Message",Low,"Checking assembly 'C:\Users\pliam\OneDrive\Desktop\FLL 2019 ROVER\RoverSensorsWindows\RoverSensors\RoverSensors\obj\ARM64\Release\ilc\in\Microsoft.Toolkit.dll'. "
"Message",Low,"Checking assembly 'C:\Users\pliam\OneDrive\Desktop\FLL 2019 ROVER\RoverSensorsWindows\RoverSensors\RoverSensors\obj\ARM64\Release\ilc\in\Microsoft.Toolkit.Parsers.dll'. "
"Message",Low,"Checking assembly 'C:\Users\pliam\OneDrive\Desktop\FLL 2019 ROVER\RoverSensorsWindows\RoverSensors\RoverSensors\obj\ARM64\Release\ilc\in\Microsoft.Toolkit.Uwp.dll'. "
"Message",Low,"Checking assembly 'C:\Users\pliam\OneDrive\Desktop\FLL 2019 ROVER\RoverSensorsWindows\RoverSensors\RoverSensors\obj\ARM64\Release\ilc\in\Microsoft.Toolkit.Uwp.UI.dll'. "
"Message",Low,"Checking assembly 'C:\Users\pliam\OneDrive\Desktop\FLL 2019 ROVER\RoverSensorsWindows\RoverSensors\RoverSensors\obj\ARM64\Release\ilc\in\Microsoft.Toolkit.Uwp.UI.Animations.dll'. "
"Message",Low,"Checking assembly 'C:\Users\pliam\OneDrive\Desktop\FLL 2019 ROVER\RoverSensorsWindows\RoverSensors\RoverSensors\obj\ARM64\Release\ilc\in\Microsoft.Toolkit.Uwp.UI.Controls.dll'. "
"Message",Low,"Checking assembly 'C:\Users\pliam\OneDrive\Desktop\FLL 2019 ROVER\RoverSensorsWindows\RoverSensors\RoverSensors\obj\ARM64\Release\ilc\in\Microsoft.Xaml.Interactions.dll'. "
"Message",Low,"Checking assembly 'C:\Users\pliam\OneDrive\Desktop\FLL 2019 ROVER\RoverSensorsWindows\RoverSensors\RoverSensors\obj\ARM64\Release\ilc\in\Microsoft.Xaml.Interactivity.dll'. "
"Message",Low,"Checking assembly 'C:\Users\pliam\OneDrive\Desktop\FLL 2019 ROVER\RoverSensorsWindows\RoverSensors\RoverSensors\obj\ARM64\Release\ilc\in\Newtonsoft.Json.dll'. "
"Message",Low,"Checking assembly 'C:\Users\pliam\OneDrive\Desktop\FLL 2019 ROVER\RoverSensorsWindows\RoverSensors\RoverSensors\obj\ARM64\Release\ilc\in\RoverSensors.exe'. "
"Message",Low,"Checking assembly 'C:\Users\pliam\OneDrive\Desktop\FLL 2019 ROVER\RoverSensorsWindows\RoverSensors\RoverSensors\obj\ARM64\Release\ilc\in\WinRTXamlToolkit.dll'. "
"Message",Low,"Checking assembly 'C:\Users\pliam\OneDrive\Desktop\FLL 2019 ROVER\RoverSensorsWindows\RoverSensors\RoverSensors\obj\ARM64\Release\ilc\in\WinRTXamlToolkit.Controls.DataVisualization.dll'. "
"Message",Normal,"'C:\Users\pliam\.nuget\packages\runtime.win10-arm64.microsoft.net.native.compiler\2.2.8-rel-28605-00\tools\ARM64\ilc\ilc.exe --gatekeeper @""C:\Users\pliam\OneDrive\Desktop\FLL 2019 ROVER\RoverSensorsWindows\RoverSensors\RoverSensors\obj\ARM64\Release\ilc\intermediate\gkargs.rsp""' completed."
"Message",Normal,"Process execution statistics (all times in milliseconds)"
"Message",Normal,"-----------------------------------------------------------------------------"
"Message",Normal,"launch  |  start   |   stop   |   end    | duration | lifetime | [slot] name"
"Message",Normal,"-----------------------------------------------------------------------------"
"Message",Normal,"       0 |        0 |      515 |      515 |      515 |      515 | [0] Gatekeeper"
"Message",Normal,"Number of commands:      1"
"Message",Normal,"Total system time:       515 ms"
"Message",Normal,"System time per command: 515 ms"
"Message",Normal,"Total duration:          515 ms"
"Message",Normal,"Total lifetime:          515 ms"
"Message",Normal,"Requested DOP:           12"
"Message",Normal,"Duration DOP:            1,0"
"Message",Normal,"Lifetime DOP:            1,0"
"Message",Low,"Done executing task ""Gatekeeper""."
"Message",Low,"Done building target ""RunGatekeeper"" in file ""Preparation""."
"Message",Low,""
"Message",Low,"Done building target ""CreateToolchainGeneratedAssembly"" in file ""Preparation""."
"Message",Low,""
"Message",Low,"Task ""PreMergeAssemblyClosure"""
"Message",Low,"Done executing task ""PreMergeAssemblyClosure""."
"Message",Low,"Done building target ""ConstructPreMergeAssemblyClosure"" in file ""Preparation""."
"Message",Low,""
"Message",Low,"Task ""McgReferenceResolveFilePath"""
"Message",Low,"Done executing task ""McgReferenceResolveFilePath""."
"Message",Low,"Done building target ""PreResolveTransforms"" in file ""Preparation""."
"Message",Low,""
"Message",Low,"Task ""ResolveToolchainRequiredAssemblyRoots"""
"Message",Low,"Done executing task ""ResolveToolchainRequiredAssemblyRoots""."
"Message",Low,"Task ""ILTransformAssemblyClosure"""
"Message",Low,"Done executing task ""ILTransformAssemblyClosure""."
"Message",Low,"Task ""ResolveToolchainRequiredAssemblyRoots"""
"Message",Low,"Done executing task ""ResolveToolchainRequiredAssemblyRoots""."
"Message",Low,"Task ""ReducedCopyAssemblyClosure"""
"Message",Low,"Done executing task ""ReducedCopyAssemblyClosure""."
"Message",Low,"Done building target ""ConstructILTransformAssemblyClosure"" in file ""Preparation""."
"Message",Low,"Done building project ""Preparation""."
"Message",Low,""
"Message",Low,""
"Message",High,"Processing application code"
"Message",Low,"Task ""RunILTransforms"""
"Message",Normal,"Running 'DumpNativeResources' transform, heap at 82 MB."
"Message",Normal,"Running 'Analysis' transform, heap at 99 MB."
"Message",Low,"Loading 124 modules..."
"Message",Normal,"Imported reflection directives from 26 files:"
"Message",Normal,"C:\Users\pliam\OneDrive\Desktop\FLL 2019 ROVER\RoverSensorsWindows\RoverSensors\RoverSensors\obj\ARM64\Release\ilc\in\Properties\Default.rd.xml"
"Message",Normal,"C:\Users\pliam\OneDrive\Desktop\FLL 2019 ROVER\RoverSensorsWindows\RoverSensors\RoverSensors\obj\ARM64\Release\ilc\in\WinRTXamlToolkit\Properties\WinRTXamlToolkit.rd.xml"
"Message",Normal,"C:\Users\pliam\OneDrive\Desktop\FLL 2019 ROVER\RoverSensorsWindows\RoverSensors\RoverSensors\obj\ARM64\Release\ilc\in\WinRTXamlToolkit.Controls.DataVisualization\Properties\WinRTXamlToolkit.Controls.DataVisualization.rd.xml"
"Message",Normal,"Embedded manifest in System.Private.Interop: Resources.System.Private.Interop.rd.xml"
"Message",Normal,"Embedded manifest in System.Private.WinRTInterop.CoreLib: Resources.System.Private.WinRTInterop.CoreLib.rd.xml"
"Message",Normal,"Embedded manifest in System.Runtime.WindowsRuntime.UI.Xaml: Resources.System.Runtime.WindowsRuntime.UI.Xaml.rd.xml"
"Message",Normal,"Embedded manifest in GoedWare.Controls.About: GoedWare.Controls.About.Properties.GoedWare.Controls.About.rd.xml"
"Message",Normal,"Embedded manifest in Microsoft.Toolkit.Uwp: Microsoft.Toolkit.Uwp.Properties.Microsoft.Windows.Toolkit.rd.xml"
"Message",Normal,"Embedded manifest in Microsoft.Toolkit.Uwp.UI.Animations: Microsoft.Toolkit.Uwp.UI.Animations.Properties.Microsoft.Windows.Toolkit.UI.Animations.rd.xml"
"Message",Normal,"Embedded manifest in Microsoft.Toolkit.Uwp.UI.Controls: Microsoft.Toolkit.Uwp.UI.Controls.Properties.Microsoft.Windows.Toolkit.UI.Controls.rd.xml"
"Message",Normal,"Embedded manifest in Microsoft.Toolkit.Uwp.UI: Microsoft.Toolkit.Uwp.UI.Properties.Microsoft.Windows.Toolkit.UI.rd.xml"
"Message",Normal,"Embedded manifest in Microsoft.Xaml.Interactions: Microsoft.Xaml.Interactions.Properties.Microsoft.Xaml.Interactions.rd.xml"
"Message",Normal,"Embedded manifest in Microsoft.Xaml.Interactivity: Microsoft.Xaml.Interactivity.Properties.Microsoft.Xaml.Interactivity.rd.xml"
"Message",Normal,"Embedded manifest in System.Private.CoreLib: Resources.System.Private.CoreLib.rd.xml"
"Message",Normal,"Embedded manifest in System.Private.Uri: Resources.System.Private.Uri.rd.xml"
"Message",Normal,"Embedded manifest in System.Private.Reflection.Core: System.Private.Reflection.Core.rd.xml"
"Message",Normal,"Embedded manifest in System.Runtime.Serialization.Primitives: System.Runtime.Serialization.Primitives.Resources.System.Runtime.Serialization.Primitives.rd.xml"
"Message",Normal,"Embedded manifest in System.ComponentModel.TypeConverter: System.ComponentModel.TypeConverter.Resources.System.ComponentModel.TypeConverter.rd.xml"
"Message",Normal,"Embedded manifest in System.Linq.Expressions: System.Linq.Expressions.Resources.System.Linq.Expressions.rd.xml"
"Message",Normal,"Embedded manifest in System.Runtime.Serialization.Formatters: System.Runtime.Serialization.Formatters.Resources.System.Runtime.Serialization.Formatters.rd.xml"
"Message",Normal,"Embedded manifest in Microsoft.CSharp: Microsoft.CSharp.Resources.Microsoft.CSharp.rd.xml"
"Message",Normal,"Embedded manifest in System.Private.Xml: System.Xml.Resources.System.Private.Xml.rd.xml"
"Message",Normal,"Embedded manifest in System.Private.DataContractSerialization: System.Private.DataContractSerialization.Resources.System.Private.DataContractSerialization.rd.xml"
"Message",Normal,"Embedded manifest in System.Net.Primitives: Resources.System.Net.Primitives.rd.xml"
"Message",Normal,"Newtonsoft.Json"
"Message",Normal,"WinRTXamlToolkit"
"Message",Normal,"Imported XAML Roots from 5 files:"
"Message",Normal,"C:\Users\pliam\OneDrive\Desktop\FLL 2019 ROVER\RoverSensorsWindows\RoverSensors\RoverSensors\obj\ARM64\Release\ilc\in\RoverSensors.xr.xml"
"Message",Normal,"C:\Users\pliam\OneDrive\Desktop\FLL 2019 ROVER\RoverSensorsWindows\RoverSensors\RoverSensors\obj\ARM64\Release\ilc\in\GoedWare.Controls.About\GoedWare.Controls.About.xr.xml"
"Message",Normal,"C:\Users\pliam\OneDrive\Desktop\FLL 2019 ROVER\RoverSensorsWindows\RoverSensors\RoverSensors\obj\ARM64\Release\ilc\in\Microsoft.Toolkit.Uwp.UI.Controls\Microsoft.Toolkit.Uwp.UI.Controls.xr.xml"
"Message",Normal,"C:\Users\pliam\OneDrive\Desktop\FLL 2019 ROVER\RoverSensorsWindows\RoverSensors\RoverSensors\obj\ARM64\Release\ilc\in\WinRTXamlToolkit\WinRTXamlToolkit.xr.xml"
"Message",Normal,"C:\Users\pliam\OneDrive\Desktop\FLL 2019 ROVER\RoverSensorsWindows\RoverSensors\RoverSensors\obj\ARM64\Release\ilc\in\WinRTXamlToolkit.Controls.DataVisualization\WinRTXamlToolkit.Controls.DataVisualization.xr.xml"
"Message",Normal,"Running 'Mcg' transform, heap at 375 MB."
"Message",High,"Computing application closure and generating interop code"
"Message",High,"  Loading 124 modules..."
"Message",Normal,"          P/Invoke 'RhpGetFuncEvalParameterBufferSize' with [DllImport(ExactSpelling=true)] resolved to '[MRT]!RhpGetFuncEvalParameterBufferSize'."
"Message",Normal,"          P/Invoke 'RhpGetFuncEvalMode' with [DllImport(ExactSpelling=true)] resolved to '[MRT]!RhpGetFuncEvalMode'."
"Message",Normal,"          P/Invoke 'RhpRecordDebuggeeInitiatedHandle' with [DllImport(ExactSpelling=true)] resolved to '[MRT]!RhpRecordDebuggeeInitiatedHandle'."
"Message",Normal,"          P/Invoke 'RhpVerifyDebuggerCleanup' with [DllImport(ExactSpelling=true)] resolved to '[MRT]!RhpVerifyDebuggerCleanup'."
"Message",Normal,"          P/Invoke 'RhpGetCurrentThread' with [DllImport(ExactSpelling=true)] resolved to '[MRT]!RhpGetCurrentThread'."
"Message",Normal,"          P/Invoke 'RhWaitForPendingFinalizers' with [DllImport(ExactSpelling=true)] resolved to '[MRT]!RhWaitForPendingFinalizers'."
"Message",Normal,"          P/Invoke 'RhYield' with [DllImport(ExactSpelling=true)] resolved to '[MRT]!RhYield'."
"Message",Normal,"          P/Invoke 'RhFlushProcessWriteBuffers' with [DllImport(ExactSpelling=true)] resolved to '[MRT]!RhFlushProcessWriteBuffers'."
"Message",Normal,"          P/Invoke 'RhCompatibleReentrantWaitAny' with [DllImport(ExactSpelling=true)] resolved to '[MRT]!RhCompatibleReentrantWaitAny'."
"Message",Normal,"          P/Invoke 'RhCallDescrWorker' with [DllImport(ExactSpelling=true)] resolved to '[MRT]!RhCallDescrWorker'."
"Message",Normal,"          P/Invoke '_ecvt_s' with [DllImport(ExactSpelling=true)] resolved to '[MRT]!_ecvt_s'."
"Message",Normal,"          P/Invoke 'memmove' with [DllImport(ExactSpelling=true)] resolved to '[MRT]!memmove'."
"Message",Normal,"          P/Invoke 'memset' with [DllImport(ExactSpelling=true)] resolved to '[MRT]!memset'."
"Message",Normal,"          P/Invoke 'CallingConventionConverter_GetStubs' with [DllImport(ExactSpelling=true)] resolved to '*!CallingConventionConverter_GetStubs'."
"Message",Normal,"          P/Invoke 'WindowsCreateStringReference' resolved to 'WindowsCreateStringReference!api-ms-win-core-winrt-string-l1-1-0.dll' from 'SupportedAPIs.xml'."
"Message",Normal,"          P/Invoke 'GetLastError' resolved to 'GetLastError!api-ms-win-core-errorhandling-l1-1-0.dll' from 'SupportedAPIs.xml'."
"Message",Normal,"          P/Invoke 'SetLastError' resolved to 'SetLastError!api-ms-win-core-errorhandling-l1-1-0.dll' from 'SupportedAPIs.xml'."
"Message",Normal,"          P/Invoke 'RoInitialize' resolved to 'RoInitialize!api-ms-win-core-winrt-l1-1-0.dll' from 'SupportedAPIs.xml'."
"Message",Normal,"          P/Invoke 'IsValidLocaleName' resolved to 'IsValidLocaleName!api-ms-win-core-localization-l1-2-0.dll' from 'SupportedAPIs.xml'."
"Message",Normal,"          P/Invoke 'ResolveLocaleName' resolved to 'ResolveLocaleName!api-ms-win-core-localization-l1-2-0.dll' from 'SupportedAPIs.xml'."
"Message",Normal,"          P/Invoke 'CertDuplicateCertificateContext' resolved to 'CertDuplicateCertificateContext!crypt32.dll' from 'SupportedAPIs.xml'."
"Message",Normal,"          P/Invoke 'CertGetCertificateContextProperty' resolved to 'CertGetCertificateContextProperty!crypt32.dll' from 'SupportedAPIs.xml'."
"Message",Normal,"          P/Invoke 'GetCPInfoExW' resolved to 'GetCPInfoExW!kernel32.dll' from 'SupportedAPIs.xml'."
"Message",Normal,"          P/Invoke 'CryptQueryObject' resolved to 'CryptQueryObject!crypt32.dll' from 'SupportedAPIs.xml'."
"Message",Normal,"          P/Invoke 'CertDuplicateCertificateContext' resolved to 'CertDuplicateCertificateContext!crypt32.dll' from 'SupportedAPIs.xml'."
"Message",Normal,"          P/Invoke 'GetAdaptersAddresses' resolved to 'GetAdaptersAddresses!iphlpapi.dll' from 'SupportedAPIs.xml'."
"Message",Normal,"          P/Invoke 'CertFreeCertificateContext' resolved to 'CertFreeCertificateContext!crypt32.dll' from 'SupportedAPIs.xml'."
"Message",Normal,"          P/Invoke 'CryptMsgGetParam' resolved to 'CryptMsgGetParam!crypt32.dll' from 'SupportedAPIs.xml'."
"Message",Normal,"          P/Invoke 'CryptMsgGetParam' resolved to 'CryptMsgGetParam!crypt32.dll' from 'SupportedAPIs.xml'."
"Message",Normal,"          P/Invoke 'PFXImportCertStore' resolved to 'PFXImportCertStore!crypt32.dll' from 'SupportedAPIs.xml'."
"Message",Normal,"          P/Invoke 'CryptFindOIDInfo' resolved to 'CryptFindOIDInfo!crypt32.dll' from 'SupportedAPIs.xml'."
"Message",Normal,"          P/Invoke 'GetNetworkParams' resolved to 'GetNetworkParams!iphlpapi.dll' from 'SupportedAPIs.xml'."
"Message",Normal,"          P/Invoke 'LocalAlloc' resolved to 'LocalAlloc!kernel32.dll' from 'SupportedAPIs.xml'."
"Message",Normal,"          P/Invoke 'CoCreateInstance' resolved to 'CoCreateInstance!api-ms-win-core-com-l1-1-0.dll' from 'SupportedAPIs.xml'."
"Message",Normal,"          P/Invoke 'CertGetCertificateContextProperty' resolved to 'CertGetCertificateContextProperty!crypt32.dll' from 'SupportedAPIs.xml'."
"Message",Normal,"          P/Invoke 'CertCloseStore' resolved to 'CertCloseStore!crypt32.dll' from 'SupportedAPIs.xml'."
"Message",Normal,"          P/Invoke 'CryptMsgClose' resolved to 'CryptMsgClose!crypt32.dll' from 'SupportedAPIs.xml'."
"Message",Normal,"          P/Invoke 'LocalFree' resolved to 'LocalFree!kernel32.dll' from 'SupportedAPIs.xml'."
"Message",Normal,"          P/Invoke 'CertFindCertificateInStore' resolved to 'CertFindCertificateInStore!crypt32.dll' from 'SupportedAPIs.xml'."
"Message",Normal,"          P/Invoke 'CryptAcquireContextW' resolved to 'CryptAcquireContextW!advapi32.dll' from 'SupportedAPIs.xml'."
"Message",Normal,"          P/Invoke 'CertEnumCertificatesInStore' resolved to 'CertEnumCertificatesInStore!crypt32.dll' from 'SupportedAPIs.xml'."
"Message",Normal,"          P/Invoke 'WSAGetOverlappedResult' resolved to 'WSAGetOverlappedResult!ws2_32.dll' from 'SupportedAPIs.xml'."
"Message",Normal,"          P/Invoke 'SysFreeString' resolved to 'SysFreeString!OleAut32' from 'SupportedAPIs.xml'."
"Message",Normal,"          P/Invoke 'CertGetNameStringW' resolved to 'CertGetNameStringW!crypt32.dll' from 'SupportedAPIs.xml'."
"Message",Normal,"          P/Invoke 'FormatMessageW' resolved to 'FormatMessageW!kernel32.dll' from 'SupportedAPIs.xml'."
"Message",Normal,"          P/Invoke 'CertGetNameStringW' resolved to 'CertGetNameStringW!crypt32.dll' from 'SupportedAPIs.xml'."
"Message",Normal,"          P/Invoke 'NCryptOpenKey' resolved to 'NCryptOpenKey!ncrypt.dll' from 'SupportedAPIs.xml'."
"Message",Normal,"          P/Invoke 'GetPerAdapterInfo' resolved to 'GetPerAdapterInfo!iphlpapi.dll' from 'SupportedAPIs.xml'."
"Message",Normal,"          P/Invoke 'CryptGetKeyParam' resolved to 'CryptGetKeyParam!advapi32.dll' from 'SupportedAPIs.xml'."
"Message",Normal,"          P/Invoke 'setsockopt' resolved to 'setsockopt!ws2_32.dll' from 'SupportedAPIs.xml'."
"Message",Normal,"          P/Invoke 'setsockopt' resolved to 'setsockopt!ws2_32.dll' from 'SupportedAPIs.xml'."
"Message",Normal,"          P/Invoke 'CryptFindOIDInfo' resolved to 'CryptFindOIDInfo!crypt32.dll' from 'SupportedAPIs.xml'."
"Message",Normal,"          P/Invoke 'NCryptDeleteKey' resolved to 'NCryptDeleteKey!ncrypt.dll' from 'SupportedAPIs.xml'."
"Message",Normal,"          P/Invoke 'NCryptOpenStorageProvider' resolved to 'NCryptOpenStorageProvider!ncrypt.dll' from 'SupportedAPIs.xml'."
"Message",Normal,"          P/Invoke 'CertGetCertificateChain' resolved to 'CertGetCertificateChain!crypt32.dll' from 'SupportedAPIs.xml'."
"Message",Normal,"          P/Invoke 'CryptGetDefaultProviderW' resolved to 'CryptGetDefaultProviderW!advapi32.dll' from 'SupportedAPIs.xml'."
"Message",Normal,"          P/Invoke 'CryptAcquireContextW' resolved to 'CryptAcquireContextW!advapi32.dll' from 'SupportedAPIs.xml'."
"Message",Normal,"          P/Invoke 'CryptGetUserKey' resolved to 'CryptGetUserKey!advapi32.dll' from 'SupportedAPIs.xml'."
"Message",Normal,"          P/Invoke 'CertVerifyCertificateChainPolicy' resolved to 'CertVerifyCertificateChainPolicy!crypt32.dll' from 'SupportedAPIs.xml'."
"Message",Normal,"          P/Invoke 'RoGetBufferMarshaler' resolved to 'RoGetBufferMarshaler!api-ms-win-core-winrt-robuffer-l1-1-0.dll' from 'SupportedAPIs.xml'."
"Message",Normal,"          P/Invoke 'CertNameToStrW' resolved to 'CertNameToStrW!crypt32.dll' from 'SupportedAPIs.xml'."
"Message",Normal,"          P/Invoke 'CryptFormatObject' resolved to 'CryptFormatObject!crypt32.dll' from 'SupportedAPIs.xml'."
"Message",Normal,"          P/Invoke 'CertControlStore' resolved to 'CertControlStore!crypt32.dll' from 'SupportedAPIs.xml'."
"Message",Normal,"          P/Invoke 'CertAddCertificateLinkToStore' resolved to 'CertAddCertificateLinkToStore!crypt32.dll' from 'SupportedAPIs.xml'."
"Message",Normal,"          P/Invoke 'FormatMessageW' resolved to 'FormatMessageW!kernel32.dll' from 'SupportedAPIs.xml'."
"Message",Normal,"          P/Invoke 'CryptGetProvParam' resolved to 'CryptGetProvParam!advapi32.dll' from 'SupportedAPIs.xml'."
"Message",Normal,"          P/Invoke 'CryptDestroyKey' resolved to 'CryptDestroyKey!advapi32.dll' from 'SupportedAPIs.xml'."
"Message",Normal,"          P/Invoke 'CryptFormatObject' resolved to 'CryptFormatObject!crypt32.dll' from 'SupportedAPIs.xml'."
"Message",Normal,"          P/Invoke 'GetNetworkParams' resolved to 'GetNetworkParams!iphlpapi.dll' from 'SupportedAPIs.xml'."
"Message",Normal,"          P/Invoke 'LocalAlloc' resolved to 'LocalAlloc!kernel32.dll' from 'SupportedAPIs.xml'."
"Message",Normal,"          P/Invoke 'CertOpenStore' resolved to 'CertOpenStore!crypt32.dll' from 'SupportedAPIs.xml'."
"Message",Normal,"          P/Invoke 'BCryptGenRandom' resolved to 'BCryptGenRandom!BCrypt.dll' from 'SupportedAPIs.xml'."
"Message",Normal,"          P/Invoke 'CryptImportPublicKeyInfoEx2' resolved to 'CryptImportPublicKeyInfoEx2!crypt32.dll' from 'SupportedAPIs.xml'."
"Message",Normal,"          P/Invoke 'BCryptExportKey' resolved to 'BCryptExportKey!BCrypt.dll' from 'SupportedAPIs.xml'."
"Message",Normal,"          P/Invoke 'CryptDecodeObject' resolved to 'CryptDecodeObject!crypt32.dll' from 'SupportedAPIs.xml'."
"Message",Normal,"          P/Invoke 'CertFreeCertificateChain' resolved to 'CertFreeCertificateChain!crypt32.dll' from 'SupportedAPIs.xml'."
"Message",Normal,"          P/Invoke 'CryptReleaseContext' resolved to 'CryptReleaseContext!advapi32.dll' from 'SupportedAPIs.xml'."
"Message",Normal,"          P/Invoke 'NCryptFreeObject' resolved to 'NCryptFreeObject!ncrypt.dll' from 'SupportedAPIs.xml'."
"Message",Normal,"          P/Invoke 'CertDeleteCertificateFromStore' resolved to 'CertDeleteCertificateFromStore!crypt32.dll' from 'SupportedAPIs.xml'."
"Message",Normal,"          P/Invoke 'CertAddCertificateContextToStore' resolved to 'CertAddCertificateContextToStore!crypt32.dll' from 'SupportedAPIs.xml'."
"Message",Normal,"          P/Invoke 'LocalFree' resolved to 'LocalFree!kernel32.dll' from 'SupportedAPIs.xml'."
"Message",Normal,"          P/Invoke 'FormatMessageW' resolved to 'FormatMessageW!kernel32.dll' from 'SupportedAPIs.xml'."
"Message",Normal,"          P/Invoke 'BCryptGetProperty' resolved to 'BCryptGetProperty!BCrypt.dll' from 'SupportedAPIs.xml'."
"Message",Normal,"          P/Invoke 'NCryptImportKey' resolved to 'NCryptImportKey!ncrypt.dll' from 'SupportedAPIs.xml'."
"Message",Normal,"          P/Invoke 'NCryptGetProperty' resolved to 'NCryptGetProperty!ncrypt.dll' from 'SupportedAPIs.xml'."
"Message",Normal,"          P/Invoke 'CryptImportKey' resolved to 'CryptImportKey!advapi32.dll' from 'SupportedAPIs.xml'."
"Message",Normal,"          P/Invoke 'CryptSetProvParam' resolved to 'CryptSetProvParam!advapi32.dll' from 'SupportedAPIs.xml'."
"Message",Normal,"          P/Invoke 'CertFindExtension' resolved to 'CertFindExtension!crypt32.dll' from 'SupportedAPIs.xml'."
"Message",Normal,"          P/Invoke 'CertGetValidUsages' resolved to 'CertGetValidUsages!crypt32.dll' from 'SupportedAPIs.xml'."
"Message",Normal,"          P/Invoke 'CertGetIntendedKeyUsage' resolved to 'CertGetIntendedKeyUsage!crypt32.dll' from 'SupportedAPIs.xml'."
"Message",Normal,"          P/Invoke 'BCryptDestroyKey' resolved to 'BCryptDestroyKey!BCrypt.dll' from 'SupportedAPIs.xml'."
"Message",Normal,"          P/Invoke 'FormatMessageW' resolved to 'FormatMessageW!kernel32.dll' from 'SupportedAPIs.xml'."
"Message",Normal,"          P/Invoke 'NCryptSetProperty' resolved to 'NCryptSetProperty!ncrypt.dll' from 'SupportedAPIs.xml'."
"Message",Normal,"          P/Invoke 'CryptDecodeObject' resolved to 'CryptDecodeObject!crypt32.dll' from 'SupportedAPIs.xml'."
"Message",Normal,"          P/Invoke 'CryptSetProvParam' resolved to 'CryptSetProvParam!advapi32.dll' from 'SupportedAPIs.xml'."
"Message",Normal,"          P/Invoke 'CertVerifyTimeValidity' resolved to 'CertVerifyTimeValidity!crypt32.dll' from 'SupportedAPIs.xml'."
"Message",Normal,"          P/Invoke 'CryptFindOIDInfo' resolved to 'CryptFindOIDInfo!crypt32.dll' from 'SupportedAPIs.xml'."
"Message",Normal,"          P/Invoke 'CryptGenKey' resolved to 'CryptGenKey!advapi32.dll' from 'SupportedAPIs.xml'."
"Message",Normal,"          P/Invoke 'FormatMessageW' resolved to 'FormatMessageW!kernel32.dll' from 'SupportedAPIs.xml'."
"Message",Normal,"          P/Invoke 'BCryptCreateHash' resolved to 'BCryptCreateHash!BCrypt.dll' from 'SupportedAPIs.xml'."
"Message",Normal,"          P/Invoke 'BCryptGetProperty' resolved to 'BCryptGetProperty!BCrypt.dll' from 'SupportedAPIs.xml'."
"Message",Normal,"          P/Invoke 'BCryptOpenAlgorithmProvider' resolved to 'BCryptOpenAlgorithmProvider!BCrypt.dll' from 'SupportedAPIs.xml'."
"Message",Normal,"          P/Invoke 'BCryptCloseAlgorithmProvider' resolved to 'BCryptCloseAlgorithmProvider!BCrypt.dll' from 'SupportedAPIs.xml'."
"Message",Normal,"          P/Invoke 'BCryptDestroyHash' resolved to 'BCryptDestroyHash!BCrypt.dll' from 'SupportedAPIs.xml'."
"Message",Normal,"          P/Invoke 'getsockname' resolved to 'getsockname!ws2_32.dll' from 'SupportedAPIs.xml'."
"Message",Normal,"          P/Invoke 'getpeername' resolved to 'getpeername!ws2_32.dll' from 'SupportedAPIs.xml'."
"Message",Normal,"          P/Invoke 'WSAStartup' resolved to 'WSAStartup!ws2_32.dll' from 'SupportedAPIs.xml'."
"Message",Normal,"          P/Invoke 'select' resolved to 'select!ws2_32.dll' from 'SupportedAPIs.xml'."
"Message",Normal,"          P/Invoke 'select' resolved to 'select!ws2_32.dll' from 'SupportedAPIs.xml'."
"Message",Normal,"          P/Invoke 'ioctlsocket' resolved to 'ioctlsocket!ws2_32.dll' from 'SupportedAPIs.xml'."
"Message",Normal,"          P/Invoke 'shutdown' resolved to 'shutdown!ws2_32.dll' from 'SupportedAPIs.xml'."
"Message",Normal,"          P/Invoke 'setsockopt' resolved to 'setsockopt!ws2_32.dll' from 'SupportedAPIs.xml'."
"Message",Normal,"          P/Invoke 'recv' resolved to 'recv!ws2_32.dll' from 'SupportedAPIs.xml'."
"Message",Normal,"          P/Invoke 'WSAIoctl' resolved to 'WSAIoctl!ws2_32.dll' from 'SupportedAPIs.xml'."
"Message",Normal,"          P/Invoke 'RevertToSelf' resolved to 'RevertToSelf!advapi32.dll' from 'SupportedAPIs.xml'."
"Message",Normal,"          P/Invoke 'ImpersonateLoggedOnUser' resolved to 'ImpersonateLoggedOnUser!advapi32.dll' from 'SupportedAPIs.xml'."
"Message",Normal,"          P/Invoke 'GetAddrInfoW' resolved to 'GetAddrInfoW!ws2_32.dll' from 'SupportedAPIs.xml'."
"Message",Normal,"          P/Invoke 'WSASocketW' resolved to 'WSASocketW!ws2_32.dll' from 'SupportedAPIs.xml'."
"Message",Normal,"          P/Invoke 'closesocket' resolved to 'closesocket!ws2_32.dll' from 'SupportedAPIs.xml'."
"Message",Normal,"          P/Invoke 'WSASocketW' resolved to 'WSASocketW!ws2_32.dll' from 'SupportedAPIs.xml'."
"Message",Normal,"          P/Invoke 'WSAConnect' resolved to 'WSAConnect!ws2_32.dll' from 'SupportedAPIs.xml'."
"Message",Normal,"          P/Invoke 'listen' resolved to 'listen!ws2_32.dll' from 'SupportedAPIs.xml'."
"Message",Normal,"          P/Invoke 'GetCurrentThread' resolved to 'GetCurrentThread!kernel32.dll' from 'SupportedAPIs.xml'."
"Message",Normal,"          P/Invoke 'OpenThreadToken' resolved to 'OpenThreadToken!advapi32.dll' from 'SupportedAPIs.xml'."
"Message",Normal,"          P/Invoke 'GetCurrentProcess' resolved to 'GetCurrentProcess!kernel32.dll' from 'SupportedAPIs.xml'."
"Message",Normal,"          P/Invoke 'OpenProcessToken' resolved to 'OpenProcessToken!advapi32.dll' from 'SupportedAPIs.xml'."
"Message",Normal,"          P/Invoke 'bind' resolved to 'bind!ws2_32.dll' from 'SupportedAPIs.xml'."
"Message",Normal,"          P/Invoke 'getsockopt' resolved to 'getsockopt!ws2_32.dll' from 'SupportedAPIs.xml'."
"Message",Normal,"          P/Invoke 'send' resolved to 'send!ws2_32.dll' from 'SupportedAPIs.xml'."
"Message",Normal,"          P/Invoke 'CloseHandle' resolved to 'CloseHandle!kernel32.dll' from 'SupportedAPIs.xml'."
"Message",Normal,"          P/Invoke 'freeaddrinfo' resolved to 'freeaddrinfo!ws2_32.dll' from 'SupportedAPIs.xml'."
"Message",Normal,"          P/Invoke 'FreeAddrInfoExW' resolved to 'FreeAddrInfoExW!ws2_32.dll' from 'SupportedAPIs.xml'."
"Message",Normal,"          P/Invoke 'WSASocketW' resolved to 'WSASocketW!ws2_32.dll' from 'SupportedAPIs.xml'."
"Message",Normal,"          P/Invoke 'closesocket' resolved to 'closesocket!ws2_32.dll' from 'SupportedAPIs.xml'."
"Message",Normal,"          P/Invoke 'gethostname' resolved to 'gethostname!ws2_32.dll' from 'SupportedAPIs.xml'."
"Message",Normal,"          P/Invoke 'getsockopt' resolved to 'getsockopt!ws2_32.dll' from 'SupportedAPIs.xml'."
"Message",Normal,"          P/Invoke 'getsockopt' resolved to 'getsockopt!ws2_32.dll' from 'SupportedAPIs.xml'."
"Message",Normal,"          P/Invoke 'getsockopt' resolved to 'getsockopt!ws2_32.dll' from 'SupportedAPIs.xml'."
"Message",Normal,"          P/Invoke 'ioctlsocket' resolved to 'ioctlsocket!ws2_32.dll' from 'SupportedAPIs.xml'."
"Message",Normal,"          P/Invoke 'setsockopt' resolved to 'setsockopt!ws2_32.dll' from 'SupportedAPIs.xml'."
"Message",Normal,"          P/Invoke 'LsaGetLogonSessionData' resolved to 'LsaGetLogonSessionData!sspicli.dll' from 'SupportedAPIs.xml'."
"Message",Normal,"          P/Invoke 'LsaNtStatusToWinError' resolved to 'LsaNtStatusToWinError!advapi32.dll' from 'SupportedAPIs.xml'."
"Message",Normal,"          P/Invoke 'DuplicateTokenEx' resolved to 'DuplicateTokenEx!advapi32.dll' from 'SupportedAPIs.xml'."
"Message",Normal,"          P/Invoke 'CheckTokenMembershipEx' resolved to 'CheckTokenMembershipEx!kernel32.dll' from 'SupportedAPIs.xml'."
"Message",Normal,"          P/Invoke 'LsaFreeReturnBuffer' resolved to 'LsaFreeReturnBuffer!sspicli.dll' from 'SupportedAPIs.xml'."
"Message",Normal,"          P/Invoke 'accept' resolved to 'accept!ws2_32.dll' from 'SupportedAPIs.xml'."
"Message",Normal,"          P/Invoke 'GetAddrInfoExW' resolved to 'GetAddrInfoExW!ws2_32.dll' from 'SupportedAPIs.xml'."
"Message",Normal,"          P/Invoke 'WSARecv' resolved to 'WSARecv!ws2_32.dll' from 'SupportedAPIs.xml'."
"Message",Normal,"          P/Invoke 'WSASend' resolved to 'WSASend!ws2_32.dll' from 'SupportedAPIs.xml'."
"Message",Normal,"          P/Invoke 'GetTokenInformation' resolved to 'GetTokenInformation!advapi32.dll' from 'SupportedAPIs.xml'."
"Message",Normal,"          P/Invoke 'LocalAlloc' resolved to 'LocalAlloc!kernel32.dll' from 'SupportedAPIs.xml'."
"Message",Normal,"          P/Invoke 'LocalFree' resolved to 'LocalFree!kernel32.dll' from 'SupportedAPIs.xml'."
"Message",Normal,"          P/Invoke 'GetNameInfoW' resolved to 'GetNameInfoW!ws2_32.dll' from 'SupportedAPIs.xml'."
"Message",Normal,"          P/Invoke 'GetTokenInformation' resolved to 'GetTokenInformation!advapi32.dll' from 'SupportedAPIs.xml'."
"Message",Normal,"          P/Invoke 'DuplicateHandle' resolved to 'DuplicateHandle!kernel32.dll' from 'SupportedAPIs.xml'."
"Message",Normal,"          P/Invoke 'CertVerifyCertificateChainPolicy' resolved to 'CertVerifyCertificateChainPolicy!crypt32.dll' from 'SupportedAPIs.xml'."
"Message",Normal,"          P/Invoke 'LsaLookupSids' resolved to 'LsaLookupSids!advapi32.dll' from 'SupportedAPIs.xml'."
"Message",Normal,"          P/Invoke 'LsaLookupNames2' resolved to 'LsaLookupNames2!advapi32.dll' from 'SupportedAPIs.xml'."
"Message",Normal,"          P/Invoke 'CertEnumCertificatesInStore' resolved to 'CertEnumCertificatesInStore!crypt32.dll' from 'SupportedAPIs.xml'."
"Message",Normal,"          P/Invoke 'SetFileCompletionNotificationModes' resolved to 'SetFileCompletionNotificationModes!kernel32.dll' from 'SupportedAPIs.xml'."
"Message",Normal,"          P/Invoke 'LsaOpenPolicy' resolved to 'LsaOpenPolicy!advapi32.dll' from 'SupportedAPIs.xml'."
"Message",Normal,"          P/Invoke 'LsaClose' resolved to 'LsaClose!advapi32.dll' from 'SupportedAPIs.xml'."
"Message",Normal,"          P/Invoke 'LsaFreeMemory' resolved to 'LsaFreeMemory!advapi32.dll' from 'SupportedAPIs.xml'."
"Message",Normal,"          P/Invoke 'CertFreeCertificateContext' resolved to 'CertFreeCertificateContext!crypt32.dll' from 'SupportedAPIs.xml'."
"Message",Normal,"          P/Invoke 'EncryptMessage' resolved to 'EncryptMessage!sspicli.dll' from 'SupportedAPIs.xml'."
"Message",Normal,"          P/Invoke 'DecryptMessage' resolved to 'DecryptMessage!sspicli.dll' from 'SupportedAPIs.xml'."
"Message",Normal,"          P/Invoke 'EnumerateSecurityPackagesW' resolved to 'EnumerateSecurityPackagesW!sspicli.dll' from 'SupportedAPIs.xml'."
"Message",Normal,"          P/Invoke 'QueryContextAttributesW' resolved to 'QueryContextAttributesW!sspicli.dll' from 'SupportedAPIs.xml'."
"Message",Normal,"          P/Invoke 'ApplyControlToken' resolved to 'ApplyControlToken!sspicli.dll' from 'SupportedAPIs.xml'."
"Message",Normal,"          P/Invoke 'FreeContextBuffer' resolved to 'FreeContextBuffer!sspicli.dll' from 'SupportedAPIs.xml'."
"Message",Normal,"          P/Invoke 'AcceptSecurityContext' resolved to 'AcceptSecurityContext!sspicli.dll' from 'SupportedAPIs.xml'."
"Message",Normal,"          P/Invoke 'DeleteSecurityContext' resolved to 'DeleteSecurityContext!sspicli.dll' from 'SupportedAPIs.xml'."
"Message",Normal,"          P/Invoke 'InitializeSecurityContextW' resolved to 'InitializeSecurityContextW!sspicli.dll' from 'SupportedAPIs.xml'."
"Message",Normal,"          P/Invoke 'AcquireCredentialsHandleW' resolved to 'AcquireCredentialsHandleW!sspicli.dll' from 'SupportedAPIs.xml'."
"Message",Normal,"          P/Invoke 'FreeCredentialsHandle' resolved to 'FreeCredentialsHandle!sspicli.dll' from 'SupportedAPIs.xml'."
"Message",High,"  Generating code..."
"Message",High,"  Interop code generated."
"Message",Normal,"  Written code to AssemblyInfo.g.cs"
"Message",Normal,"  Written code to Adapters.g.cs"
"Message",Normal,"  Written code to Data.g.cs"
"Message",Normal,"  Written code to Helpers.g.cs"
"Message",Normal,"  Written code to ImplTypes.g.cs"
"Message",Normal,"  Written code to PInvoke.g.cs"
"Message",Normal,"  Written code to SafeTypes.g.cs"
"Message",Normal,"  Written code to SharedStubs.g.cs"
"Message",Normal,"Running 'GenerateCodeAndCompile' transform, heap at 528 MB."
"Message",High,"Generating serialization code"
"Message",High,"Compiling interop code"
"Message",Normal,"Compiling generated source code: C:\Users\pliam\.nuget\packages\microsoft.net.native.compiler\2.2.8-rel-28605-00\tools\csc\csc.exe /noconfig @""C:\Users\pliam\OneDrive\Desktop\FLL 2019 ROVER\RoverSensorsWindows\RoverSensors\RoverSensors\obj\ARM64\Release\ilc\intermediate\RoverSensors.McgInterop.rsp"""
"Message",High,"Generating System.Reflection.DispatchProxy proxy code."
"Message",Normal,"Running 'ReducedCopyInitialize' transform, heap at 528 MB."
"Message",Normal,"Running 'ReducedCopyEmptyTypes' transform, heap at 477 MB."
"Message",Normal,"Running 'ReducedCopyPopulateTypes' transform, heap at 488 MB."
"Message",Normal,"Running 'ReducedCopyLateMetadata' transform, heap at 528 MB."
"Message",Normal,"Running 'ReducedCopyPassResourcesToMutableAssembly' transform, heap at 553 MB."
"Message",Normal,"Running 'ReducedCopyMethodBodies' transform, heap at 555 MB."
"Message",Normal,"Running 'ReducedCopyComplete' transform, heap at 514 MB."
"Message",Normal,"Running 'ReducedCopyCleanup' transform, heap at 579 MB."
"Message",Normal,"Running 'DeveloperExperienceModeOnlyCodeRemover' transform, heap at 579 MB."
"Message",Normal,"Running 'ComImportDetector' transform, heap at 580 MB."
"Message",Normal,"Running 'McgAccessor' transform, heap at 580 MB."
"Message",Normal,"Running 'McgRedirect' transform, heap at 585 MB."
"Message",Normal,"Running 'McgRedirect' transform, heap at 597 MB."
"Message",Normal,"Running 'McgTypeOf' transform, heap at 599 MB."
"Message",Normal,"Running 'EventSource' transform, heap at 571 MB."
"Message",Normal,"Running 'ValueType' transform, heap at 572 MB."
"Message",Normal,"Running 'Attribute' transform, heap at 572 MB."
"Message",Normal,"Running 'GetType' transform, heap at 573 MB."
"Message",Normal,"Running 'McgFixups' transform, heap at 575 MB."
"Message",Normal,"Running 'ResourceManagerCtor' transform, heap at 579 MB."
"Message",Normal,"Running 'TypeofTypeHandle' transform, heap at 579 MB."
"Message",Normal,"Running 'DispatchProxyIntrinsics' transform, heap at 598 MB."
"Message",Normal,"Running 'StaticInitData' transform, heap at 599 MB."
"Message",Normal,"Running 'Delegate' transform, heap at 637 MB."
"Message",Normal,"Running 'LazyGenerics' transform, heap at 596 MB."
"Message",Normal,"Running 'AddReflectionBlockedAttributes' transform, heap at 656 MB."
"Message",Normal,"Running 'DisableOptimization' transform, heap at 656 MB."
"Message",Normal,"Running 'ResourceExtractor' transform, heap at 656 MB."
"Message",Normal,"Running 'CreateMetadata' transform, heap at 656 MB."
"Message",Normal,"Running 'StartupCodeInjector' transform, heap at 662 MB."
"Message",Normal,"Running 'SaveRVAStatics' transform, heap at 662 MB."
"Message",Normal,"Running 'ReflectionInvoke' transform, heap at 665 MB."
"Message",Normal,"Running 'ScrubOpenCalls' transform, heap at 673 MB."
"Message",Normal,"Running 'ConvertCatchIntoFilter' transform, heap at 673 MB."
"Message",Normal,"Running 'ReflectionMappingInfoEmit' transform, heap at 674 MB."
"Message",Normal,"Running 'ReflectionIntrinsics' transform, heap at 685 MB."
"Message",Normal,"Running 'ConvertManagedWinMD' transform, heap at 686 MB."
"Message",Normal,"Running 'DebuggerGuidedStepThroughJmc' transform, heap at 686 MB."
"Message",Normal,"Running 'Reducer' transform, heap at 698 MB."
"Message",High,"Cleaning up unreferenced code"
"Message",Normal,"Running 'WriteAssemblies' transform, heap at 820 MB."
"Message",Normal,""
"Message",Normal,"Transform summary"
"Message",Normal,"    ms | heap delta | name"
"Message",Normal," 17160 |        276 | Analysis"
"Message",Normal,"  8244 |          0 | GenerateCodeAndCompile"
"Message",Normal,"  3995 |       -443 | WriteAssemblies"
"Message",Normal,"  3225 |        122 | Reducer"
"Message",Normal,"  2427 |        153 | Mcg"
"Message",Normal,"  1283 |          6 | CreateMetadata"
"Message",Normal,"  1173 |        -51 | ReducedCopyInitialize"
"Message",Normal,"   960 |        -41 | ReducedCopyMethodBodies"
"Message",Normal,"   853 |         40 | ReducedCopyPopulateTypes"
"Message",Normal,"   760 |         65 | ReducedCopyComplete"
"Message",Normal,"   570 |         25 | ReducedCopyLateMetadata"
"Message",Normal,"   404 |        -28 | McgTypeOf"
"Message",Normal,"   343 |         60 | LazyGenerics"
"Message",Normal,"   323 |         12 | McgRedirect"
"Message",Normal,"   216 |         38 | StaticInitData"
"Message",Normal,"   194 |          2 | McgRedirect"
"Message",Normal,"   191 |         19 | TypeofTypeHandle"
"Message",Normal,"   172 |         17 | DumpNativeResources"
"Message",Normal,"   105 |        -41 | Delegate"
"Message",Normal,"    94 |          3 | SaveRVAStatics"
"Message",Normal,"    75 |          2 | GetType"
"Message",Normal,"    70 |         11 | ReducedCopyEmptyTypes"
"Message",Normal,"    45 |         12 | DebuggerGuidedStepThroughJmc"
"Message",Normal,"    39 |          1 | DispatchProxyIntrinsics"
"Message",Normal,"    35 |          4 | McgFixups"
"Message",Normal,"    30 |          0 | ScrubOpenCalls"
"Message",Normal,"    29 |          5 | McgAccessor"
"Message",Normal,"    28 |          1 | ReflectionIntrinsics"
"Message",Normal,"    27 |          8 | ReflectionInvoke"
"Message",Normal,"    15 |          1 | ConvertCatchIntoFilter"
"Message",Normal,"    12 |         11 | ReflectionMappingInfoEmit"
"Message",Normal,"    12 |          1 | EventSource"
"Message",Normal,"    10 |          1 | Attribute"
"Message",Normal,"    10 |          0 | DisableOptimization"
"Message",Normal,"     4 |          0 | AddReflectionBlockedAttributes"
"Message",Normal,"     4 |          2 | ReducedCopyPassResourcesToMutableAssembly"
"Message",Normal,"     3 |          0 | ReducedCopyCleanup"
"Message",Normal,"     3 |          0 | ValueType"
"Message",Normal,"     1 |          0 | StartupCodeInjector"
"Message",Normal,"     1 |          0 | ResourceManagerCtor"
"Message",Normal,"     0 |          1 | DeveloperExperienceModeOnlyCodeRemover"
"Message",Normal,"     0 |          0 | ComImportDetector"
"Message",Normal,"     0 |          0 | ConvertManagedWinMD"
"Message",Normal,"     0 |          0 | ResourceExtractor"
"Message",Low,"Done executing task ""RunILTransforms""."
"Message",Low,"Done building target ""RunILTransforms"" in file ""ILTransforms""."
"Message",Low,"Done building project ""ILTransforms""."
"Message",Low,""
"Message",Low,""
"Message",Low,"Done building target ""GenerateMDIL"" in file ""Nutc""."
"Message",Low,""
"Message",High,"Generating native code"
"Message",Low,"Done building target ""MDILPrepareMultiFile"" in file ""Nutc""."
"Message",Low,""
"Message",Low,"Done building target ""SetBinaryForReferences"" in file ""Nutc""."
"Message",Low,""
"Message",Low,"Task ""GenerateMDILGlobalAnalysis"""
"Message",Normal,"Launching 'C:\Users\pliam\.nuget\packages\runtime.win10-arm64.microsoft.net.native.compiler\2.2.8-rel-28605-00\tools\ARM64\ilc\Tools64\nutc_driver.exe @""C:\Users\pliam\OneDrive\Desktop\FLL 2019 ROVER\RoverSensorsWindows\RoverSensors\RoverSensors\obj\ARM64\Release\ilc\intermediate\MDIL\RoverSensors.rsp""'"
"Message",Low,"Assembly path: ILCompiler.Host.dll"
"Message",Low,"Managed type:  ILCompiler.ILCompilerHost"
"Message",Low,"Method name:   Initialize"
"Message",Low,"Arguments:     00007FF80D2D29F0"
"Message",Low,"Managed call succeeded, exit code: 00000000"
"Message",Low,"Scanning 31935 methods."
"Message",Low,"Scanning 19498 methods."
"Message",Low,"Scanning 11512 methods."
"Message",Low,"Scanning 5824 methods."
"Message",Low,"Scanning 3596 methods."
"Message",Low,"Scanning 2628 methods."
"Message",Low,"Scanning 2138 methods."
"Message",Low,"Scanning 2090 methods."
"Message",Low,"Scanning 1825 methods."
"Message",Low,"Scanning 1294 methods."
"Message",Low,"Scanning 855 methods."
"Message",Low,"Scanning 571 methods."
"Message",Low,"Scanning 592 methods."
"Message",Low,"Scanning 569 methods."
"Message",Low,"Scanning 437 methods."
"Message",Low,"Scanning 267 methods."
"Message",Low,"Scanning 118 methods."
"Message",Low,"Scanning 78 methods."
"Message",Low,"Scanning 34 methods."
"Message",Low,"Scanning 14 methods."
"Message",Low,"Scanning 6 methods."
"Message",Low,"Scanning 12 methods."
"Message",Low,"Scanning 12 methods."
"Message",Low,"Scanning 14 methods."
"Message",Low,"Scanning 13 methods."
"Message",Low,"Compiling 85932 methods."
"Message",Low,"Emitting Object File"
"Message",Low,"Successfully generated 'C:\Users\pliam\OneDrive\Desktop\FLL 2019 ROVER\RoverSensorsWindows\RoverSensors\RoverSensors\obj\ARM64\Release\ilc\intermediate\MDIL\RoverSensors.obj'"
"Message",Low,"Microsoft (R) MDIL Compiler - Version 2.2.28605.00"
"Message",Low,"Copyright (c) Microsoft Corporation.  All rights reserved."
"Message",Normal,"'C:\Users\pliam\.nuget\packages\runtime.win10-arm64.microsoft.net.native.compiler\2.2.8-rel-28605-00\tools\ARM64\ilc\Tools64\nutc_driver.exe @""C:\Users\pliam\OneDrive\Desktop\FLL 2019 ROVER\RoverSensorsWindows\RoverSensors\RoverSensors\obj\ARM64\Release\ilc\intermediate\MDIL\RoverSensors.rsp""' completed."
"Message",Normal,"Process execution statistics (all times in milliseconds)"
"Message",Normal,"-----------------------------------------------------------------------------"
"Message",Normal,"launch  |  start   |   stop   |   end    | duration | lifetime | [slot] name"
"Message",Normal,"-----------------------------------------------------------------------------"
"Message",Normal,"       0 |       93 |    96046 |    96046 |    95953 |    96046 | [0] Nutc GlobalAnalysis"
"Message",Normal,"Number of commands:      1"
"Message",Normal,"Total system time:       96062 ms"
"Message",Normal,"System time per command: 96062 ms"
"Message",Normal,"Total duration:          95953 ms"
"Message",Normal,"Total lifetime:          96046 ms"
"Message",Normal,"Requested DOP:           12"
"Message",Normal,"Duration DOP:            1,0"
"Message",Normal,"Lifetime DOP:            1,0"
"Message",Low,"Done executing task ""GenerateMDILGlobalAnalysis""."
"Message",Low,"Done building target ""GenerateMDILGlobalAnalysis"" in file ""Nutc""."
"Message",Low,""
"Message",Low,"Task ""rc"""
"Message",Normal,"Launching 'C:\Program Files (x86)\Windows Kits\10\bin\10.0.22000.0\x64\rc.exe /c ""65001"" /r /fo ""C:\Users\pliam\OneDrive\Desktop\FLL 2019 ROVER\RoverSensorsWindows\RoverSensors\RoverSensors\obj\ARM64\Release\ilc\intermediate\BuildInfo\BuildInfo.res"" ""C:\Users\pliam\OneDrive\Desktop\FLL 2019 ROVER\RoverSensorsWindows\RoverSensors\RoverSensors\obj\ARM64\Release\ilc\intermediate\BuildInfo\BuildInfo.rc""'"
"Message",Low,"Microsoft (R) Windows (R) Resource Compiler Version 10.0.10011.16384"
"Message",Low,"Copyright (C) Microsoft Corporation.  All rights reserved."
"Message",Normal,"'C:\Program Files (x86)\Windows Kits\10\bin\10.0.22000.0\x64\rc.exe /c ""65001"" /r /fo ""C:\Users\pliam\OneDrive\Desktop\FLL 2019 ROVER\RoverSensorsWindows\RoverSensors\RoverSensors\obj\ARM64\Release\ilc\intermediate\BuildInfo\BuildInfo.res"" ""C:\Users\pliam\OneDrive\Desktop\FLL 2019 ROVER\RoverSensorsWindows\RoverSensors\RoverSensors\obj\ARM64\Release\ilc\intermediate\BuildInfo\BuildInfo.rc""' completed."
"Message",Normal,"Process execution statistics (all times in milliseconds)"
"Message",Normal,"-----------------------------------------------------------------------------"
"Message",Normal,"launch  |  start   |   stop   |   end    | duration | lifetime | [slot] name"
"Message",Normal,"-----------------------------------------------------------------------------"
"Message",Normal,"       0 |      109 |      125 |      125 |       16 |      125 | [0] rc"
"Message",Normal,"Number of commands:      1"
"Message",Normal,"Total system time:       125 ms"
"Message",Normal,"System time per command: 125 ms"
"Message",Normal,"Total duration:          16 ms"
"Message",Normal,"Total lifetime:          125 ms"
"Message",Normal,"Requested DOP:           12"
"Message",Normal,"Duration DOP:            0,1"
"Message",Normal,"Lifetime DOP:            1,0"
"Message",Low,"Done executing task ""rc""."
"Message",Low,"Task ""ResourceBinaryConcatenate"""
"Message",Normal,"Concatenating into 'C:\Users\pliam\OneDrive\Desktop\FLL 2019 ROVER\RoverSensorsWindows\RoverSensors\RoverSensors\obj\ARM64\Release\ilc\intermediate\Native.res' with alignment '4'."
"Message",Normal," Added 'C:\Users\pliam\OneDrive\Desktop\FLL 2019 ROVER\RoverSensorsWindows\RoverSensors\RoverSensors\obj\ARM64\Release\ilc\intermediate\ILTransformed\RoverSensors.res' at offset 0."
"Message",Normal," Added 'C:\Users\pliam\OneDrive\Desktop\FLL 2019 ROVER\RoverSensorsWindows\RoverSensors\RoverSensors\obj\ARM64\Release\ilc\intermediate\BuildInfo\BuildInfo.res' at offset 1416."
"Message",Low,"Done executing task ""ResourceBinaryConcatenate""."
"Message",Low,"Done building target ""GenerateBuildInfo"" in file ""Nutc""."
"Message",Low,"Done building project ""Nutc""."
"Message",Low,""
"Message",Low,""
"Message",Low,"Task ""Lib"""
"Message",Normal,"Launching 'C:\Users\pliam\.nuget\packages\runtime.win10-arm64.microsoft.net.native.compiler\2.2.8-rel-28605-00\tools\ARM64\ilc\tools\link\link.exe /LIB /MACHINE:arm64 /DEF:""C:\Users\pliam\OneDrive\Desktop\FLL 2019 ROVER\RoverSensorsWindows\RoverSensors\RoverSensors\obj\ARM64\Release\ilc\intermediate\MDIL\advapi32.def"" /OUT:""C:\Users\pliam\OneDrive\Desktop\FLL 2019 ROVER\RoverSensorsWindows\RoverSensors\RoverSensors\obj\ARM64\Release\ilc\intermediate\MDIL\advapi32.lib""'"
"Message",Normal,"Launching 'C:\Users\pliam\.nuget\packages\runtime.win10-arm64.microsoft.net.native.compiler\2.2.8-rel-28605-00\tools\ARM64\ilc\tools\link\link.exe /LIB /MACHINE:arm64 /DEF:""C:\Users\pliam\OneDrive\Desktop\FLL 2019 ROVER\RoverSensorsWindows\RoverSensors\RoverSensors\obj\ARM64\Release\ilc\intermediate\MDIL\api-ms-win-core-localization-l1-2-0.def"" /OUT:""C:\Users\pliam\OneDrive\Desktop\FLL 2019 ROVER\RoverSensorsWindows\RoverSensors\RoverSensors\obj\ARM64\Release\ilc\intermediate\MDIL\api-ms-win-core-localization-l1-2-0.lib""'"
"Message",Normal,"Launching 'C:\Users\pliam\.nuget\packages\runtime.win10-arm64.microsoft.net.native.compiler\2.2.8-rel-28605-00\tools\ARM64\ilc\tools\link\link.exe /LIB /MACHINE:arm64 /DEF:""C:\Users\pliam\OneDrive\Desktop\FLL 2019 ROVER\RoverSensorsWindows\RoverSensors\RoverSensors\obj\ARM64\Release\ilc\intermediate\MDIL\api-ms-win-core-winrt-l1-1-0.def"" /OUT:""C:\Users\pliam\OneDrive\Desktop\FLL 2019 ROVER\RoverSensorsWindows\RoverSensors\RoverSensors\obj\ARM64\Release\ilc\intermediate\MDIL\api-ms-win-core-winrt-l1-1-0.lib""'"
"Message",Normal,"Launching 'C:\Users\pliam\.nuget\packages\runtime.win10-arm64.microsoft.net.native.compiler\2.2.8-rel-28605-00\tools\ARM64\ilc\tools\link\link.exe /LIB /MACHINE:arm64 /DEF:""C:\Users\pliam\OneDrive\Desktop\FLL 2019 ROVER\RoverSensorsWindows\RoverSensors\RoverSensors\obj\ARM64\Release\ilc\intermediate\MDIL\api-ms-win-core-winrt-robuffer-l1-1-0.def"" /OUT:""C:\Users\pliam\OneDrive\Desktop\FLL 2019 ROVER\RoverSensorsWindows\RoverSensors\RoverSensors\obj\ARM64\Release\ilc\intermediate\MDIL\api-ms-win-core-winrt-robuffer-l1-1-0.lib""'"
"Message",Normal,"Launching 'C:\Users\pliam\.nuget\packages\runtime.win10-arm64.microsoft.net.native.compiler\2.2.8-rel-28605-00\tools\ARM64\ilc\tools\link\link.exe /LIB /MACHINE:arm64 /DEF:""C:\Users\pliam\OneDrive\Desktop\FLL 2019 ROVER\RoverSensorsWindows\RoverSensors\RoverSensors\obj\ARM64\Release\ilc\intermediate\MDIL\api-ms-win-core-winrt-string-l1-1-0.def"" /OUT:""C:\Users\pliam\OneDrive\Desktop\FLL 2019 ROVER\RoverSensorsWindows\RoverSensors\RoverSensors\obj\ARM64\Release\ilc\intermediate\MDIL\api-ms-win-core-winrt-string-l1-1-0.lib""'"
"Message",Normal,"Launching 'C:\Users\pliam\.nuget\packages\runtime.win10-arm64.microsoft.net.native.compiler\2.2.8-rel-28605-00\tools\ARM64\ilc\tools\link\link.exe /LIB /MACHINE:arm64 /DEF:""C:\Users\pliam\OneDrive\Desktop\FLL 2019 ROVER\RoverSensorsWindows\RoverSensors\RoverSensors\obj\ARM64\Release\ilc\intermediate\MDIL\BCrypt.def"" /OUT:""C:\Users\pliam\OneDrive\Desktop\FLL 2019 ROVER\RoverSensorsWindows\RoverSensors\RoverSensors\obj\ARM64\Release\ilc\intermediate\MDIL\BCrypt.lib""'"
"Message",Normal,"Launching 'C:\Users\pliam\.nuget\packages\runtime.win10-arm64.microsoft.net.native.compiler\2.2.8-rel-28605-00\tools\ARM64\ilc\tools\link\link.exe /LIB /MACHINE:arm64 /DEF:""C:\Users\pliam\OneDrive\Desktop\FLL 2019 ROVER\RoverSensorsWindows\RoverSensors\RoverSensors\obj\ARM64\Release\ilc\intermediate\MDIL\crypt32.def"" /OUT:""C:\Users\pliam\OneDrive\Desktop\FLL 2019 ROVER\RoverSensorsWindows\RoverSensors\RoverSensors\obj\ARM64\Release\ilc\intermediate\MDIL\crypt32.lib""'"
"Message",Normal,"Launching 'C:\Users\pliam\.nuget\packages\runtime.win10-arm64.microsoft.net.native.compiler\2.2.8-rel-28605-00\tools\ARM64\ilc\tools\link\link.exe /LIB /MACHINE:arm64 /DEF:""C:\Users\pliam\OneDrive\Desktop\FLL 2019 ROVER\RoverSensorsWindows\RoverSensors\RoverSensors\obj\ARM64\Release\ilc\intermediate\MDIL\iphlpapi.def"" /OUT:""C:\Users\pliam\OneDrive\Desktop\FLL 2019 ROVER\RoverSensorsWindows\RoverSensors\RoverSensors\obj\ARM64\Release\ilc\intermediate\MDIL\iphlpapi.lib""'"
"Message",Normal,"Launching 'C:\Users\pliam\.nuget\packages\runtime.win10-arm64.microsoft.net.native.compiler\2.2.8-rel-28605-00\tools\ARM64\ilc\tools\link\link.exe /LIB /MACHINE:arm64 /DEF:""C:\Users\pliam\OneDrive\Desktop\FLL 2019 ROVER\RoverSensorsWindows\RoverSensors\RoverSensors\obj\ARM64\Release\ilc\intermediate\MDIL\kernel32.def"" /OUT:""C:\Users\pliam\OneDrive\Desktop\FLL 2019 ROVER\RoverSensorsWindows\RoverSensors\RoverSensors\obj\ARM64\Release\ilc\intermediate\MDIL\kernel32.lib""'"
"Message",Normal,"Launching 'C:\Users\pliam\.nuget\packages\runtime.win10-arm64.microsoft.net.native.compiler\2.2.8-rel-28605-00\tools\ARM64\ilc\tools\link\link.exe /LIB /MACHINE:arm64 /DEF:""C:\Users\pliam\OneDrive\Desktop\FLL 2019 ROVER\RoverSensorsWindows\RoverSensors\RoverSensors\obj\ARM64\Release\ilc\intermediate\MDIL\ncrypt.def"" /OUT:""C:\Users\pliam\OneDrive\Desktop\FLL 2019 ROVER\RoverSensorsWindows\RoverSensors\RoverSensors\obj\ARM64\Release\ilc\intermediate\MDIL\ncrypt.lib""'"
"Message",Normal,"Launching 'C:\Users\pliam\.nuget\packages\runtime.win10-arm64.microsoft.net.native.compiler\2.2.8-rel-28605-00\tools\ARM64\ilc\tools\link\link.exe /LIB /MACHINE:arm64 /DEF:""C:\Users\pliam\OneDrive\Desktop\FLL 2019 ROVER\RoverSensorsWindows\RoverSensors\RoverSensors\obj\ARM64\Release\ilc\intermediate\MDIL\sspicli.def"" /OUT:""C:\Users\pliam\OneDrive\Desktop\FLL 2019 ROVER\RoverSensorsWindows\RoverSensors\RoverSensors\obj\ARM64\Release\ilc\intermediate\MDIL\sspicli.lib""'"
"Message",Normal,"Launching 'C:\Users\pliam\.nuget\packages\runtime.win10-arm64.microsoft.net.native.compiler\2.2.8-rel-28605-00\tools\ARM64\ilc\tools\link\link.exe /LIB /MACHINE:arm64 /DEF:""C:\Users\pliam\OneDrive\Desktop\FLL 2019 ROVER\RoverSensorsWindows\RoverSensors\RoverSensors\obj\ARM64\Release\ilc\intermediate\MDIL\ws2_32.def"" /OUT:""C:\Users\pliam\OneDrive\Desktop\FLL 2019 ROVER\RoverSensorsWindows\RoverSensors\RoverSensors\obj\ARM64\Release\ilc\intermediate\MDIL\ws2_32.lib""'"
"Message",Low,"Microsoft (R) Library Manager Version 14.15.26727.0__Copyright (C) Microsoft Corporation.  All rights reserved.____   Creating library C:\Users\pliam\OneDrive\Desktop\FLL 2019 ROVER\RoverSensorsWindows\RoverSensors\RoverSensors\obj\ARM64\Release\ilc\intermediate\MDIL\api-ms-win-core-winrt-robuffer-l1-1-0.lib and object C:\Users\pliam\OneDrive\Desktop\FLL 2019 ROVER\RoverSensorsWindows\RoverSensors\RoverSensors\obj\ARM64\Release\ilc\intermediate\MDIL\api-ms-win-core-winrt-robuffer-l1-1-0.exp__"
"Message",Normal,"'C:\Users\pliam\.nuget\packages\runtime.win10-arm64.microsoft.net.native.compiler\2.2.8-rel-28605-00\tools\ARM64\ilc\tools\link\link.exe /LIB /MACHINE:arm64 /DEF:""C:\Users\pliam\OneDrive\Desktop\FLL 2019 ROVER\RoverSensorsWindows\RoverSensors\RoverSensors\obj\ARM64\Release\ilc\intermediate\MDIL\api-ms-win-core-winrt-robuffer-l1-1-0.def"" /OUT:""C:\Users\pliam\OneDrive\Desktop\FLL 2019 ROVER\RoverSensorsWindows\RoverSensors\RoverSensors\obj\ARM64\Release\ilc\intermediate\MDIL\api-ms-win-core-winrt-robuffer-l1-1-0.lib""' completed."
"Message",Low,"Microsoft (R) Library Manager Version 14.15.26727.0__Copyright (C) Microsoft Corporation.  All rights reserved.____   Creating library C:\Users\pliam\OneDrive\Desktop\FLL 2019 ROVER\RoverSensorsWindows\RoverSensors\RoverSensors\obj\ARM64\Release\ilc\intermediate\MDIL\iphlpapi.lib and object C:\Users\pliam\OneDrive\Desktop\FLL 2019 ROVER\RoverSensorsWindows\RoverSensors\RoverSensors\obj\ARM64\Release\ilc\intermediate\MDIL\iphlpapi.exp__"
"Message",Normal,"'C:\Users\pliam\.nuget\packages\runtime.win10-arm64.microsoft.net.native.compiler\2.2.8-rel-28605-00\tools\ARM64\ilc\tools\link\link.exe /LIB /MACHINE:arm64 /DEF:""C:\Users\pliam\OneDrive\Desktop\FLL 2019 ROVER\RoverSensorsWindows\RoverSensors\RoverSensors\obj\ARM64\Release\ilc\intermediate\MDIL\iphlpapi.def"" /OUT:""C:\Users\pliam\OneDrive\Desktop\FLL 2019 ROVER\RoverSensorsWindows\RoverSensors\RoverSensors\obj\ARM64\Release\ilc\intermediate\MDIL\iphlpapi.lib""' completed."
"Message",Low,"Microsoft (R) Library Manager Version 14.15.26727.0__Copyright (C) Microsoft Corporation.  All rights reserved.____   Creating library C:\Users\pliam\OneDrive\Desktop\FLL 2019 ROVER\RoverSensorsWindows\RoverSensors\RoverSensors\obj\ARM64\Release\ilc\intermediate\MDIL\ws2_32.lib and object C:\Users\pliam\OneDrive\Desktop\FLL 2019 ROVER\RoverSensorsWindows\RoverSensors\RoverSensors\obj\ARM64\Release\ilc\intermediate\MDIL\ws2_32.exp__"
"Message",Normal,"'C:\Users\pliam\.nuget\packages\runtime.win10-arm64.microsoft.net.native.compiler\2.2.8-rel-28605-00\tools\ARM64\ilc\tools\link\link.exe /LIB /MACHINE:arm64 /DEF:""C:\Users\pliam\OneDrive\Desktop\FLL 2019 ROVER\RoverSensorsWindows\RoverSensors\RoverSensors\obj\ARM64\Release\ilc\intermediate\MDIL\ws2_32.def"" /OUT:""C:\Users\pliam\OneDrive\Desktop\FLL 2019 ROVER\RoverSensorsWindows\RoverSensors\RoverSensors\obj\ARM64\Release\ilc\intermediate\MDIL\ws2_32.lib""' completed."
"Message",Low,"Microsoft (R) Library Manager Version 14.15.26727.0__Copyright (C) Microsoft Corporation.  All rights reserved.____   Creating library C:\Users\pliam\OneDrive\Desktop\FLL 2019 ROVER\RoverSensorsWindows\RoverSensors\RoverSensors\obj\ARM64\Release\ilc\intermediate\MDIL\api-ms-win-core-winrt-l1-1-0.lib and object C:\Users\pliam\OneDrive\Desktop\FLL 2019 ROVER\RoverSensorsWindows\RoverSensors\RoverSensors\obj\ARM64\Release\ilc\intermediate\MDIL\api-ms-win-core-winrt-l1-1-0.exp__"
"Message",Normal,"'C:\Users\pliam\.nuget\packages\runtime.win10-arm64.microsoft.net.native.compiler\2.2.8-rel-28605-00\tools\ARM64\ilc\tools\link\link.exe /LIB /MACHINE:arm64 /DEF:""C:\Users\pliam\OneDrive\Desktop\FLL 2019 ROVER\RoverSensorsWindows\RoverSensors\RoverSensors\obj\ARM64\Release\ilc\intermediate\MDIL\api-ms-win-core-winrt-l1-1-0.def"" /OUT:""C:\Users\pliam\OneDrive\Desktop\FLL 2019 ROVER\RoverSensorsWindows\RoverSensors\RoverSensors\obj\ARM64\Release\ilc\intermediate\MDIL\api-ms-win-core-winrt-l1-1-0.lib""' completed."
"Message",Low,"Microsoft (R) Library Manager Version 14.15.26727.0__Copyright (C) Microsoft Corporation.  All rights reserved.____   Creating library C:\Users\pliam\OneDrive\Desktop\FLL 2019 ROVER\RoverSensorsWindows\RoverSensors\RoverSensors\obj\ARM64\Release\ilc\intermediate\MDIL\BCrypt.lib and object C:\Users\pliam\OneDrive\Desktop\FLL 2019 ROVER\RoverSensorsWindows\RoverSensors\RoverSensors\obj\ARM64\Release\ilc\intermediate\MDIL\BCrypt.exp__"
"Message",Normal,"'C:\Users\pliam\.nuget\packages\runtime.win10-arm64.microsoft.net.native.compiler\2.2.8-rel-28605-00\tools\ARM64\ilc\tools\link\link.exe /LIB /MACHINE:arm64 /DEF:""C:\Users\pliam\OneDrive\Desktop\FLL 2019 ROVER\RoverSensorsWindows\RoverSensors\RoverSensors\obj\ARM64\Release\ilc\intermediate\MDIL\BCrypt.def"" /OUT:""C:\Users\pliam\OneDrive\Desktop\FLL 2019 ROVER\RoverSensorsWindows\RoverSensors\RoverSensors\obj\ARM64\Release\ilc\intermediate\MDIL\BCrypt.lib""' completed."
"Message",Low,"Microsoft (R) Library Manager Version 14.15.26727.0__Copyright (C) Microsoft Corporation.  All rights reserved.____   Creating library C:\Users\pliam\OneDrive\Desktop\FLL 2019 ROVER\RoverSensorsWindows\RoverSensors\RoverSensors\obj\ARM64\Release\ilc\intermediate\MDIL\api-ms-win-core-winrt-string-l1-1-0.lib and object C:\Users\pliam\OneDrive\Desktop\FLL 2019 ROVER\RoverSensorsWindows\RoverSensors\RoverSensors\obj\ARM64\Release\ilc\intermediate\MDIL\api-ms-win-core-winrt-string-l1-1-0.exp__"
"Message",Normal,"'C:\Users\pliam\.nuget\packages\runtime.win10-arm64.microsoft.net.native.compiler\2.2.8-rel-28605-00\tools\ARM64\ilc\tools\link\link.exe /LIB /MACHINE:arm64 /DEF:""C:\Users\pliam\OneDrive\Desktop\FLL 2019 ROVER\RoverSensorsWindows\RoverSensors\RoverSensors\obj\ARM64\Release\ilc\intermediate\MDIL\api-ms-win-core-winrt-string-l1-1-0.def"" /OUT:""C:\Users\pliam\OneDrive\Desktop\FLL 2019 ROVER\RoverSensorsWindows\RoverSensors\RoverSensors\obj\ARM64\Release\ilc\intermediate\MDIL\api-ms-win-core-winrt-string-l1-1-0.lib""' completed."
"Message",Low,"Microsoft (R) Library Manager Version 14.15.26727.0__Copyright (C) Microsoft Corporation.  All rights reserved.____   Creating library C:\Users\pliam\OneDrive\Desktop\FLL 2019 ROVER\RoverSensorsWindows\RoverSensors\RoverSensors\obj\ARM64\Release\ilc\intermediate\MDIL\api-ms-win-core-localization-l1-2-0.lib and object C:\Users\pliam\OneDrive\Desktop\FLL 2019 ROVER\RoverSensorsWindows\RoverSensors\RoverSensors\obj\ARM64\Release\ilc\intermediate\MDIL\api-ms-win-core-localization-l1-2-0.exp__"
"Message",Normal,"'C:\Users\pliam\.nuget\packages\runtime.win10-arm64.microsoft.net.native.compiler\2.2.8-rel-28605-00\tools\ARM64\ilc\tools\link\link.exe /LIB /MACHINE:arm64 /DEF:""C:\Users\pliam\OneDrive\Desktop\FLL 2019 ROVER\RoverSensorsWindows\RoverSensors\RoverSensors\obj\ARM64\Release\ilc\intermediate\MDIL\api-ms-win-core-localization-l1-2-0.def"" /OUT:""C:\Users\pliam\OneDrive\Desktop\FLL 2019 ROVER\RoverSensorsWindows\RoverSensors\RoverSensors\obj\ARM64\Release\ilc\intermediate\MDIL\api-ms-win-core-localization-l1-2-0.lib""' completed."
"Message",Low,"Microsoft (R) Library Manager Version 14.15.26727.0__Copyright (C) Microsoft Corporation.  All rights reserved.____   Creating library C:\Users\pliam\OneDrive\Desktop\FLL 2019 ROVER\RoverSensorsWindows\RoverSensors\RoverSensors\obj\ARM64\Release\ilc\intermediate\MDIL\crypt32.lib and object C:\Users\pliam\OneDrive\Desktop\FLL 2019 ROVER\RoverSensorsWindows\RoverSensors\RoverSensors\obj\ARM64\Release\ilc\intermediate\MDIL\crypt32.exp__"
"Message",Normal,"'C:\Users\pliam\.nuget\packages\runtime.win10-arm64.microsoft.net.native.compiler\2.2.8-rel-28605-00\tools\ARM64\ilc\tools\link\link.exe /LIB /MACHINE:arm64 /DEF:""C:\Users\pliam\OneDrive\Desktop\FLL 2019 ROVER\RoverSensorsWindows\RoverSensors\RoverSensors\obj\ARM64\Release\ilc\intermediate\MDIL\crypt32.def"" /OUT:""C:\Users\pliam\OneDrive\Desktop\FLL 2019 ROVER\RoverSensorsWindows\RoverSensors\RoverSensors\obj\ARM64\Release\ilc\intermediate\MDIL\crypt32.lib""' completed."
"Message",Low,"Microsoft (R) Library Manager Version 14.15.26727.0__Copyright (C) Microsoft Corporation.  All rights reserved.____   Creating library C:\Users\pliam\OneDrive\Desktop\FLL 2019 ROVER\RoverSensorsWindows\RoverSensors\RoverSensors\obj\ARM64\Release\ilc\intermediate\MDIL\ncrypt.lib and object C:\Users\pliam\OneDrive\Desktop\FLL 2019 ROVER\RoverSensorsWindows\RoverSensors\RoverSensors\obj\ARM64\Release\ilc\intermediate\MDIL\ncrypt.exp__"
"Message",Normal,"'C:\Users\pliam\.nuget\packages\runtime.win10-arm64.microsoft.net.native.compiler\2.2.8-rel-28605-00\tools\ARM64\ilc\tools\link\link.exe /LIB /MACHINE:arm64 /DEF:""C:\Users\pliam\OneDrive\Desktop\FLL 2019 ROVER\RoverSensorsWindows\RoverSensors\RoverSensors\obj\ARM64\Release\ilc\intermediate\MDIL\ncrypt.def"" /OUT:""C:\Users\pliam\OneDrive\Desktop\FLL 2019 ROVER\RoverSensorsWindows\RoverSensors\RoverSensors\obj\ARM64\Release\ilc\intermediate\MDIL\ncrypt.lib""' completed."
"Message",Low,"Microsoft (R) Library Manager Version 14.15.26727.0__Copyright (C) Microsoft Corporation.  All rights reserved.____   Creating library C:\Users\pliam\OneDrive\Desktop\FLL 2019 ROVER\RoverSensorsWindows\RoverSensors\RoverSensors\obj\ARM64\Release\ilc\intermediate\MDIL\sspicli.lib and object C:\Users\pliam\OneDrive\Desktop\FLL 2019 ROVER\RoverSensorsWindows\RoverSensors\RoverSensors\obj\ARM64\Release\ilc\intermediate\MDIL\sspicli.exp__"
"Message",Normal,"'C:\Users\pliam\.nuget\packages\runtime.win10-arm64.microsoft.net.native.compiler\2.2.8-rel-28605-00\tools\ARM64\ilc\tools\link\link.exe /LIB /MACHINE:arm64 /DEF:""C:\Users\pliam\OneDrive\Desktop\FLL 2019 ROVER\RoverSensorsWindows\RoverSensors\RoverSensors\obj\ARM64\Release\ilc\intermediate\MDIL\sspicli.def"" /OUT:""C:\Users\pliam\OneDrive\Desktop\FLL 2019 ROVER\RoverSensorsWindows\RoverSensors\RoverSensors\obj\ARM64\Release\ilc\intermediate\MDIL\sspicli.lib""' completed."
"Message",Low,"Microsoft (R) Library Manager Version 14.15.26727.0__Copyright (C) Microsoft Corporation.  All rights reserved.____   Creating library C:\Users\pliam\OneDrive\Desktop\FLL 2019 ROVER\RoverSensorsWindows\RoverSensors\RoverSensors\obj\ARM64\Release\ilc\intermediate\MDIL\advapi32.lib and object C:\Users\pliam\OneDrive\Desktop\FLL 2019 ROVER\RoverSensorsWindows\RoverSensors\RoverSensors\obj\ARM64\Release\ilc\intermediate\MDIL\advapi32.exp__"
"Message",Normal,"'C:\Users\pliam\.nuget\packages\runtime.win10-arm64.microsoft.net.native.compiler\2.2.8-rel-28605-00\tools\ARM64\ilc\tools\link\link.exe /LIB /MACHINE:arm64 /DEF:""C:\Users\pliam\OneDrive\Desktop\FLL 2019 ROVER\RoverSensorsWindows\RoverSensors\RoverSensors\obj\ARM64\Release\ilc\intermediate\MDIL\advapi32.def"" /OUT:""C:\Users\pliam\OneDrive\Desktop\FLL 2019 ROVER\RoverSensorsWindows\RoverSensors\RoverSensors\obj\ARM64\Release\ilc\intermediate\MDIL\advapi32.lib""' completed."
"Message",Low,"Microsoft (R) Library Manager Version 14.15.26727.0__Copyright (C) Microsoft Corporation.  All rights reserved.____   Creating library C:\Users\pliam\OneDrive\Desktop\FLL 2019 ROVER\RoverSensorsWindows\RoverSensors\RoverSensors\obj\ARM64\Release\ilc\intermediate\MDIL\kernel32.lib and object C:\Users\pliam\OneDrive\Desktop\FLL 2019 ROVER\RoverSensorsWindows\RoverSensors\RoverSensors\obj\ARM64\Release\ilc\intermediate\MDIL\kernel32.exp__"
"Message",Normal,"'C:\Users\pliam\.nuget\packages\runtime.win10-arm64.microsoft.net.native.compiler\2.2.8-rel-28605-00\tools\ARM64\ilc\tools\link\link.exe /LIB /MACHINE:arm64 /DEF:""C:\Users\pliam\OneDrive\Desktop\FLL 2019 ROVER\RoverSensorsWindows\RoverSensors\RoverSensors\obj\ARM64\Release\ilc\intermediate\MDIL\kernel32.def"" /OUT:""C:\Users\pliam\OneDrive\Desktop\FLL 2019 ROVER\RoverSensorsWindows\RoverSensors\RoverSensors\obj\ARM64\Release\ilc\intermediate\MDIL\kernel32.lib""' completed."
"Message",Normal,"Process execution statistics (all times in milliseconds)"
"Message",Normal,"-----------------------------------------------------------------------------"
"Message",Normal,"launch  |  start   |   stop   |   end    | duration | lifetime | [slot] name"
"Message",Normal,"-----------------------------------------------------------------------------"
"Message",Normal,"      78 |       78 |      203 |      203 |      125 |      125 | [1] C:\Users\pliam\.nuget\packages\runtime.win10-arm64.microsoft.net.native.compiler\2.2.8-rel-28605-00\tools\ARM64\ilc\tools\link\link.exe /LIB /MACHINE:arm64 /DEF:""C:\Users\pliam\OneDrive\Desktop\FLL 2019 ROVER\RoverSensorsWindows\RoverSensors\RoverSensors\obj\ARM64\Release\ilc\intermediate\MDIL\api-ms-win-core-localization-l1-2-0.def"" /OUT:""C:\Users\pliam\OneDrive\Desktop\FLL 2019 ROVER\RoverSensorsWindows\RoverSensors\RoverSensors\obj\ARM64\Release\ilc\intermediate\MDIL\api-ms-win-core-localization-l1-2-0.lib"""
"Message",Normal,"       0 |       78 |      203 |      203 |      125 |      203 | [0] C:\Users\pliam\.nuget\packages\runtime.win10-arm64.microsoft.net.native.compiler\2.2.8-rel-28605-00\tools\ARM64\ilc\tools\link\link.exe /LIB /MACHINE:arm64 /DEF:""C:\Users\pliam\OneDrive\Desktop\FLL 2019 ROVER\RoverSensorsWindows\RoverSensors\RoverSensors\obj\ARM64\Release\ilc\intermediate\MDIL\advapi32.def"" /OUT:""C:\Users\pliam\OneDrive\Desktop\FLL 2019 ROVER\RoverSensorsWindows\RoverSensors\RoverSensors\obj\ARM64\Release\ilc\intermediate\MDIL\advapi32.lib"""
"Message",Normal,"      94 |       94 |      203 |      203 |      109 |      109 | [3] C:\Users\pliam\.nuget\packages\runtime.win10-arm64.microsoft.net.native.compiler\2.2.8-rel-28605-00\tools\ARM64\ilc\tools\link\link.exe /LIB /MACHINE:arm64 /DEF:""C:\Users\pliam\OneDrive\Desktop\FLL 2019 ROVER\RoverSensorsWindows\RoverSensors\RoverSensors\obj\ARM64\Release\ilc\intermediate\MDIL\api-ms-win-core-winrt-robuffer-l1-1-0.def"" /OUT:""C:\Users\pliam\OneDrive\Desktop\FLL 2019 ROVER\RoverSensorsWindows\RoverSensors\RoverSensors\obj\ARM64\Release\ilc\intermediate\MDIL\api-ms-win-core-winrt-robuffer-l1-1-0.lib"""
"Message",Normal,"      78 |       94 |      203 |      203 |      109 |      125 | [2] C:\Users\pliam\.nuget\packages\runtime.win10-arm64.microsoft.net.native.compiler\2.2.8-rel-28605-00\tools\ARM64\ilc\tools\link\link.exe /LIB /MACHINE:arm64 /DEF:""C:\Users\pliam\OneDrive\Desktop\FLL 2019 ROVER\RoverSensorsWindows\RoverSensors\RoverSensors\obj\ARM64\Release\ilc\intermediate\MDIL\api-ms-win-core-winrt-l1-1-0.def"" /OUT:""C:\Users\pliam\OneDrive\Desktop\FLL 2019 ROVER\RoverSensorsWindows\RoverSensors\RoverSensors\obj\ARM64\Release\ilc\intermediate\MDIL\api-ms-win-core-winrt-l1-1-0.lib"""
"Message",Normal,"      94 |       94 |      203 |      203 |      109 |      109 | [4] C:\Users\pliam\.nuget\packages\runtime.win10-arm64.microsoft.net.native.compiler\2.2.8-rel-28605-00\tools\ARM64\ilc\tools\link\link.exe /LIB /MACHINE:arm64 /DEF:""C:\Users\pliam\OneDrive\Desktop\FLL 2019 ROVER\RoverSensorsWindows\RoverSensors\RoverSensors\obj\ARM64\Release\ilc\intermediate\MDIL\api-ms-win-core-winrt-string-l1-1-0.def"" /OUT:""C:\Users\pliam\OneDrive\Desktop\FLL 2019 ROVER\RoverSensorsWindows\RoverSensors\RoverSensors\obj\ARM64\Release\ilc\intermediate\MDIL\api-ms-win-core-winrt-string-l1-1-0.lib"""
"Message",Normal,"     110 |      110 |      203 |      203 |       93 |       93 | [7] C:\Users\pliam\.nuget\packages\runtime.win10-arm64.microsoft.net.native.compiler\2.2.8-rel-28605-00\tools\ARM64\ilc\tools\link\link.exe /LIB /MACHINE:arm64 /DEF:""C:\Users\pliam\OneDrive\Desktop\FLL 2019 ROVER\RoverSensorsWindows\RoverSensors\RoverSensors\obj\ARM64\Release\ilc\intermediate\MDIL\iphlpapi.def"" /OUT:""C:\Users\pliam\OneDrive\Desktop\FLL 2019 ROVER\RoverSensorsWindows\RoverSensors\RoverSensors\obj\ARM64\Release\ilc\intermediate\MDIL\iphlpapi.lib"""
"Message",Normal,"      94 |      110 |      203 |      203 |       93 |      109 | [5] C:\Users\pliam\.nuget\packages\runtime.win10-arm64.microsoft.net.native.compiler\2.2.8-rel-28605-00\tools\ARM64\ilc\tools\link\link.exe /LIB /MACHINE:arm64 /DEF:""C:\Users\pliam\OneDrive\Desktop\FLL 2019 ROVER\RoverSensorsWindows\RoverSensors\RoverSensors\obj\ARM64\Release\ilc\intermediate\MDIL\BCrypt.def"" /OUT:""C:\Users\pliam\OneDrive\Desktop\FLL 2019 ROVER\RoverSensorsWindows\RoverSensors\RoverSensors\obj\ARM64\Release\ilc\intermediate\MDIL\BCrypt.lib"""
"Message",Normal,"     110 |      110 |      203 |      203 |       93 |       93 | [6] C:\Users\pliam\.nuget\packages\runtime.win10-arm64.microsoft.net.native.compiler\2.2.8-rel-28605-00\tools\ARM64\ilc\tools\link\link.exe /LIB /MACHINE:arm64 /DEF:""C:\Users\pliam\OneDrive\Desktop\FLL 2019 ROVER\RoverSensorsWindows\RoverSensors\RoverSensors\obj\ARM64\Release\ilc\intermediate\MDIL\crypt32.def"" /OUT:""C:\Users\pliam\OneDrive\Desktop\FLL 2019 ROVER\RoverSensorsWindows\RoverSensors\RoverSensors\obj\ARM64\Release\ilc\intermediate\MDIL\crypt32.lib"""
"Message",Normal,"     110 |      110 |      203 |      203 |       93 |       93 | [8] C:\Users\pliam\.nuget\packages\runtime.win10-arm64.microsoft.net.native.compiler\2.2.8-rel-28605-00\tools\ARM64\ilc\tools\link\link.exe /LIB /MACHINE:arm64 /DEF:""C:\Users\pliam\OneDrive\Desktop\FLL 2019 ROVER\RoverSensorsWindows\RoverSensors\RoverSensors\obj\ARM64\Release\ilc\intermediate\MDIL\kernel32.def"" /OUT:""C:\Users\pliam\OneDrive\Desktop\FLL 2019 ROVER\RoverSensorsWindows\RoverSensors\RoverSensors\obj\ARM64\Release\ilc\intermediate\MDIL\kernel32.lib"""
"Message",Normal,"     110 |      125 |      203 |      203 |       78 |       93 | [9] C:\Users\pliam\.nuget\packages\runtime.win10-arm64.microsoft.net.native.compiler\2.2.8-rel-28605-00\tools\ARM64\ilc\tools\link\link.exe /LIB /MACHINE:arm64 /DEF:""C:\Users\pliam\OneDrive\Desktop\FLL 2019 ROVER\RoverSensorsWindows\RoverSensors\RoverSensors\obj\ARM64\Release\ilc\intermediate\MDIL\ncrypt.def"" /OUT:""C:\Users\pliam\OneDrive\Desktop\FLL 2019 ROVER\RoverSensorsWindows\RoverSensors\RoverSensors\obj\ARM64\Release\ilc\intermediate\MDIL\ncrypt.lib"""
"Message",Normal,"     125 |      125 |      203 |      203 |       78 |       78 | [10] C:\Users\pliam\.nuget\packages\runtime.win10-arm64.microsoft.net.native.compiler\2.2.8-rel-28605-00\tools\ARM64\ilc\tools\link\link.exe /LIB /MACHINE:arm64 /DEF:""C:\Users\pliam\OneDrive\Desktop\FLL 2019 ROVER\RoverSensorsWindows\RoverSensors\RoverSensors\obj\ARM64\Release\ilc\intermediate\MDIL\sspicli.def"" /OUT:""C:\Users\pliam\OneDrive\Desktop\FLL 2019 ROVER\RoverSensorsWindows\RoverSensors\RoverSensors\obj\ARM64\Release\ilc\intermediate\MDIL\sspicli.lib"""
"Message",Normal,"     125 |      141 |      203 |      203 |       62 |       78 | [11] C:\Users\pliam\.nuget\packages\runtime.win10-arm64.microsoft.net.native.compiler\2.2.8-rel-28605-00\tools\ARM64\ilc\tools\link\link.exe /LIB /MACHINE:arm64 /DEF:""C:\Users\pliam\OneDrive\Desktop\FLL 2019 ROVER\RoverSensorsWindows\RoverSensors\RoverSensors\obj\ARM64\Release\ilc\intermediate\MDIL\ws2_32.def"" /OUT:""C:\Users\pliam\OneDrive\Desktop\FLL 2019 ROVER\RoverSensorsWindows\RoverSensors\RoverSensors\obj\ARM64\Release\ilc\intermediate\MDIL\ws2_32.lib"""
"Message",Normal,"Number of commands:      12"
"Message",Normal,"Total system time:       203 ms"
"Message",Normal,"System time per command: 16 ms"
"Message",Normal,"Total duration:          1167 ms"
"Message",Normal,"Total lifetime:          1308 ms"
"Message",Normal,"Requested DOP:           12"
"Message",Normal,"Duration DOP:            5,7"
"Message",Normal,"Lifetime DOP:            6,4"
"Message",Low,"Done executing task ""Lib""."
"Message",Low,"Done building target ""GenerateImportLibs"" in file ""Binder""."
"Message",Low,""
"Message",High,"Generating fixups for native code"
"Message",Low,"Task ""LINK"""
"Message",Normal,"Launching 'C:\Users\pliam\.nuget\packages\runtime.win10-arm64.microsoft.net.native.compiler\2.2.8-rel-28605-00\tools\ARM64\ilc\tools\link\link.exe @""C:\Users\pliam\OneDrive\Desktop\FLL 2019 ROVER\RoverSensorsWindows\RoverSensors\RoverSensors\obj\ARM64\Release\ilc\intermediate\linkargs.RoverSensors.rsp""'"
"Message",Low,"RoverSensors.obj : warning LNK4104: export of symbol 'DllGetClassObject' should be PRIVATE"
"Message",Low,"   Creating library C:\Users\pliam\OneDrive\Desktop\FLL 2019 ROVER\RoverSensorsWindows\RoverSensors\RoverSensors\obj\ARM64\Release\ilc\intermediate\Native\RoverSensors.lib and object C:\Users\pliam\OneDrive\Desktop\FLL 2019 ROVER\RoverSensorsWindows\RoverSensors\RoverSensors\obj\ARM64\Release\ilc\intermediate\Native\RoverSensors.exp"
"Message",Normal,"'C:\Users\pliam\.nuget\packages\runtime.win10-arm64.microsoft.net.native.compiler\2.2.8-rel-28605-00\tools\ARM64\ilc\tools\link\link.exe @""C:\Users\pliam\OneDrive\Desktop\FLL 2019 ROVER\RoverSensorsWindows\RoverSensors\RoverSensors\obj\ARM64\Release\ilc\intermediate\linkargs.RoverSensors.rsp""' completed."
"Message",Normal,"Process execution statistics (all times in milliseconds)"
"Message",Normal,"-----------------------------------------------------------------------------"
"Message",Normal,"launch  |  start   |   stop   |   end    | duration | lifetime | [slot] name"
"Message",Normal,"-----------------------------------------------------------------------------"
"Message",Normal,"       0 |        0 |     5188 |     5188 |     5188 |     5188 | [0] link RoverSensors"
"Message",Normal,"Number of commands:      1"
"Message",Normal,"Total system time:       5188 ms"
"Message",Normal,"System time per command: 5188 ms"
"Message",Normal,"Total duration:          5188 ms"
"Message",Normal,"Total lifetime:          5188 ms"
"Message",Normal,"Requested DOP:           12"
"Message",Normal,"Duration DOP:            1,0"
"Message",Normal,"Lifetime DOP:            1,0"
"Message",Low,"Done executing task ""LINK""."
"Message",Low,"Task ""LINK"""
"Message",Normal,"Launching 'C:\Users\pliam\.nuget\packages\runtime.win10-arm64.microsoft.net.native.compiler\2.2.8-rel-28605-00\tools\ARM64\ilc\tools\link\link.exe /out:""C:\Users\pliam\OneDrive\Desktop\FLL 2019 ROVER\RoverSensorsWindows\RoverSensors\RoverSensors\obj\ARM64\Release\ilc\intermediate\Native\RoverSensors.exe"" /entry:wmain /MACHINE:arm64 /subsystem:windows /appcontainer ""C:\Users\pliam\.nuget\packages\runtime.win10-arm64.microsoft.net.native.compiler\2.2.8-rel-28605-00\tools\ARM64\ilc\Tools\shimExe.lib"" ""C:\Users\pliam\OneDrive\Desktop\FLL 2019 ROVER\RoverSensorsWindows\RoverSensors\RoverSensors\obj\ARM64\Release\ilc\intermediate\Native\RoverSensors.lib"" ""C:\Users\pliam\.nuget\packages\runtime.win10-arm64.microsoft.net.native.compiler\2.2.8-rel-28605-00\tools\ARM64\ilc\tools\link\kernel32.lib"" ""@C:\Users\pliam\OneDrive\Desktop\FLL 2019 ROVER\RoverSensorsWindows\RoverSensors\RoverSensors\obj\ARM64\Release\ilc\intermediate\MDIL\shimExe.linkargs.rsp""'"
"Message",Low,"Microsoft (R) Incremental Linker Version 14.15.26727.0"
"Message",Low,"Copyright (C) Microsoft Corporation.  All rights reserved."
"Message",Low,"/stack:1048576 "
"Message",Low,"LINK : warning LNK4001: no object files specified; libraries used"
"Message",Normal,"'C:\Users\pliam\.nuget\packages\runtime.win10-arm64.microsoft.net.native.compiler\2.2.8-rel-28605-00\tools\ARM64\ilc\tools\link\link.exe /out:""C:\Users\pliam\OneDrive\Desktop\FLL 2019 ROVER\RoverSensorsWindows\RoverSensors\RoverSensors\obj\ARM64\Release\ilc\intermediate\Native\RoverSensors.exe"" /entry:wmain /MACHINE:arm64 /subsystem:windows /appcontainer ""C:\Users\pliam\.nuget\packages\runtime.win10-arm64.microsoft.net.native.compiler\2.2.8-rel-28605-00\tools\ARM64\ilc\Tools\shimExe.lib"" ""C:\Users\pliam\OneDrive\Desktop\FLL 2019 ROVER\RoverSensorsWindows\RoverSensors\RoverSensors\obj\ARM64\Release\ilc\intermediate\Native\RoverSensors.lib"" ""C:\Users\pliam\.nuget\packages\runtime.win10-arm64.microsoft.net.native.compiler\2.2.8-rel-28605-00\tools\ARM64\ilc\tools\link\kernel32.lib"" ""@C:\Users\pliam\OneDrive\Desktop\FLL 2019 ROVER\RoverSensorsWindows\RoverSensors\RoverSensors\obj\ARM64\Release\ilc\intermediate\MDIL\shimExe.linkargs.rsp""' completed."
"Message",Normal,"Process execution statistics (all times in milliseconds)"
"Message",Normal,"-----------------------------------------------------------------------------"
"Message",Normal,"launch  |  start   |   stop   |   end    | duration | lifetime | [slot] name"
"Message",Normal,"-----------------------------------------------------------------------------"
"Message",Normal,"       0 |        0 |       46 |       46 |       46 |       46 | [0] C:\Users\pliam\.nuget\packages\runtime.win10-arm64.microsoft.net.native.compiler\2.2.8-rel-28605-00\tools\ARM64\ilc\tools\link\link.exe /out:""C:\Users\pliam\OneDrive\Desktop\FLL 2019 ROVER\RoverSensorsWindows\RoverSensors\RoverSensors\obj\ARM64\Release\ilc\intermediate\Native\RoverSensors.exe"" /entry:wmain /MACHINE:arm64 /subsystem:windows /appcontainer ""C:\Users\pliam\.nuget\packages\runtime.win10-arm64.microsoft.net.native.compiler\2.2.8-rel-28605-00\tools\ARM64\ilc\Tools\shimExe.lib"" ""C:\Users\pliam\OneDrive\Desktop\FLL 2019 ROVER\RoverSensorsWindows\RoverSensors\RoverSensors\obj\ARM64\Release\ilc\intermediate\Native\RoverSensors.lib"" ""C:\Users\pliam\.nuget\packages\runtime.win10-arm64.microsoft.net.native.compiler\2.2.8-rel-28605-00\tools\ARM64\ilc\tools\link\kernel32.lib"" ""@C:\Users\pliam\OneDrive\Desktop\FLL 2019 ROVER\RoverSensorsWindows\RoverSensors\RoverSensors\obj\ARM64\Release\ilc\intermediate\MDIL\shimExe.linkargs.rsp"""
"Message",Normal,"Number of commands:      1"
"Message",Normal,"Total system time:       46 ms"
"Message",Normal,"System time per command: 46 ms"
"Message",Normal,"Total duration:          46 ms"
"Message",Normal,"Total lifetime:          46 ms"
"Message",Normal,"Requested DOP:           12"
"Message",Normal,"Duration DOP:            1,0"
"Message",Normal,"Lifetime DOP:            1,0"
"Message",Low,"Done executing task ""LINK""."
"Message",Low,"Done building target ""Link"" in file ""Binder""."
"Message",Low,"Done building project ""Binder""."
"Message",Low,""
"Message",Low,""
"Message",Low,"Done building target ""CopyNativeExecutablesToOutput"" in file ""Deployment""."
"Message",Low,""
"Message",Low,"Task ""TransformAppxManifest"""
"Message",Low,"Done executing task ""TransformAppxManifest""."
"Message",Low,"Done building target ""TransformAppxManifestAndAddCrt"" in file ""Deployment""."
"Message",Low,""
"Message",Low,"Done building target ""CopyPackageResourceFileInRetailBuild"" in file ""Deployment""."
"Message",Low,"Done building project ""Deployment""."
"Message",Low,"Compilation finished"
